subject	item	sentcond	questcond	dependnum	starttime	endtime	subresp	correctresp	accuracy
1	1	 1	 1	1	1767917	1773312	7		0
1	2	 1	 1	1	1798833	1801238	7		0
1	3	 1	 1	1	1815516	1818727	6		0
1	5	 1	 1	1	1899261	1901537	7		0
1	4	 1	 1	1	1913153	1915556	6		0
1	53	 2	 12	1	2061307	2065115	7		0
1	47	 4	 11	1	2075356	2078599	6		0
1	62	 3	 11	1	2094285	2097505	6		0
1	12	 1	 12	1	2108996	2112039	7		0
1	76	 1	 12	1	2133148	2135365	7		0
1	91	 4	 11	1	2163249	2164776	6		0
1	18	 3	 11	1	2192864	2194840	6		0
1	19	 4	 12	1	2254300	2257566	7		0
1	88	 1	 11	1	2330512	2331842	6		0
1	11	 4	 11	1	2347172	2349274	6		0
1	38	 3	 12	1	2359665	2361270	7		0
1	23	 4	 12	1	2381393	2387382	7		0
1	40	 1	 12	1	2415735	2417833	7		0
1	78	 3	 12	1	2426979	2428441	7		0
1	65	 2	 12	1	2445714	2448696	7		0
1	48	 1	 11	1	2469303	2471337	6		0
1	92	 1	 12	1	2477435	2479079	7		0
1	71	 4	 12	1	2602772	2605878	7		0
1	27	 4	 11	1	2648769	2650709	6		0
1	43	 4	 12	1	2702292	2705365	7		0
1	94	 3	 12	1	2726930	2730057	7		0
1	49	 2	 12	1	2758976	2760471	7		0
1	15	 4	 11	1	2767588	2773013	6		0
1	56	 1	 11	1	2802146	2805511	6		0
1	58	 3	 11	1	2822111	2824456	6		0
1	50	 3	 12	1	2849331	2851846	7		0
1	42	 3	 12	1	2863455	2866631	7		0
1	98	 3	 12	1	3024810	3026494	7		0
1	72	 1	 11	1	3037697	3040200	6		0
1	25	 2	 12	1	3056036	3057610	7		0
1	51	 4	 11	1	3066847	3068264	6		0
1	95	 4	 12	1	3086704	3088376	7		0
1	54	 3	 12	1	3104271	3105858	7		0
1	55	 4	 11	1	3175056	3180584	6		0
1	24	 1	 12	1	3200724	3202162	7		0
1	35	 4	 12	1	3218207	3226520	7		0
1	57	 2	 12	1	3380270	3381844	7		0
1	45	 2	 12	1	3392514	3394855	7		0
1	59	 4	 11	1	3439394	3445257	6		0
1	36	 1	 11	1	3462419	3463720	7		0
1	64	 1	 12	1	3472692	3476972	7		0
1	52	 1	 11	1	3492068	3493656	6		0
1	9	 2	 12	1	3502484	3504777	6		0
1	22	 3	 11	1	3551938	3554425	6		0
1	69	 2	 12	1	3577615	3578825	7		0
1	21	 2	 11	1	3587359	3588987	6		0
1	29	 2	 11	1	3617359	3619684	6		0
1	32	 1	 12	1	3629667	3630827	7		0
1	6	 3	 11	1	3637971	3639483	6		0
1	97	 2	 12	1	3653776	3654819	7		0
2	1	 1	 1	1	5190391	5196001	7		0
2	2	 1	 1	1	5206569	5208784	7		0
2	5	 1	 1	1	5221497	5225010	7		0
2	3	 1	 1	1	5237192	5239467	6		0
2	4	 1	 1	1	5248589	5250768	6		0
2	65	 3	 12	1	5422189	5425040	7		0
2	95	 1	 12	1	5436140	5439038	7		0
2	55	 1	 11	1	5451084	5453234	6		0
2	58	 4	 11	1	5475433	5477585	6		0
2	36	 2	 11	1	5496587	5498727	7		0
2	62	 4	 11	1	5518761	5521313	6		0
2	45	 3	 12	1	5538089	5539804	7		0
2	35	 1	 12	1	5547658	5550290	7		0
2	43	 1	 12	1	5559259	5561074	7		0
2	48	 2	 11	1	5568456	5570498	6		0
2	23	 1	 12	1	5578122	5579618	7		0
2	15	 1	 11	1	5599019	5601282	6		0
2	71	 1	 12	1	5637304	5638979	7		0
2	53	 3	 12	1	5645426	5650100	7		0
2	27	 1	 11	1	5660717	5662896	6		0
2	88	 2	 11	1	5681642	5683173	6		0
2	47	 1	 11	1	5711678	5713933	6		0
2	91	 1	 11	1	5731100	5733209	6		0
2	78	 4	 12	1	6127837	6129972	7		0
2	9	 3	 12	1	6137214	6140792	7		0
2	6	 4	 11	1	6151309	6154431	6		0
2	51	 1	 11	1	6165915	6167391	6		0
2	52	 2	 11	1	6177149	6178823	6		0
2	22	 4	 11	1	6241182	6244273	6		0
2	11	 1	 11	1	6266412	6268581	6		0
2	97	 3	 12	1	6284636	6286725	7		0
2	40	 2	 12	1	6294462	6296719	7		0
2	59	 1	 11	1	6332525	6336245	6		0
2	25	 3	 12	1	6361965	6364183	7		0
2	18	 4	 11	1	6397357	6399382	6		0
2	38	 4	 12	1	6411629	6414080	7		0
2	24	 2	 12	1	6452764	6454896	7		0
2	32	 2	 12	1	6464307	6466487	7		0
2	98	 4	 12	1	6596158	6600383	7		0
2	76	 2	 12	1	6610274	6612935	7		0
2	21	 3	 11	1	6631231	6632630	6		0
2	19	 1	 12	1	6657901	6660367	7		0
2	50	 4	 12	1	6674347	6676623	7		0
2	29	 3	 11	1	6833743	6836892	6		0
2	49	 3	 12	1	6845019	6847078	7		0
2	56	 2	 11	1	6872283	6874758	7		0
2	94	 4	 12	1	6911249	6913206	7		0
2	12	 2	 12	1	6920882	6923050	7		0
2	72	 2	 11	1	6933742	6936864	6		0
2	92	 2	 12	1	6945709	6947476	7		0
2	64	 2	 12	1	6957678	6959798	7		0
2	57	 3	 12	1	6973964	6976464	7		0
2	42	 4	 12	1	6999662	7001110	7		0
2	69	 3	 12	1	7026894	7028672	7		0
2	54	 4	 12	1	7071134	7072774	7		0
3	4	 1	 1	1	723209	730300	6		0
3	5	 1	 1	1	756249	761093	7		0
3	1	 1	 1	1	768028	772642	7		0
3	2	 1	 1	1	792354	795877	7		0
3	3	 1	 1	1	839129	844898	6		0
3	35	 2	 12	1	1591767	1598946	7		0
3	52	 3	 11	1	1618349	1621594	6		0
3	24	 3	 12	1	1650471	1653141	7		0
3	95	 2	 12	1	1676316	1680546	7		0
3	40	 3	 12	1	2286057	2289357	7		0
3	50	 1	 12	1	2298951	2301529	7		0
3	94	 1	 12	1	2327686	2334474	7		0
3	69	 4	 12	1	2351719	2353372	7		0
3	19	 2	 12	1	2360253	2363570	6		0
3	48	 3	 11	1	2374283	2375855	6		0
3	12	 3	 12	1	2400237	2403138	7		0
3	62	 1	 11	1	2417132	2420018	6		0
3	32	 3	 12	1	2427919	2430471	7		0
3	55	 2	 11	1	2439565	2440966	6		0
3	71	 2	 12	1	2464283	2466286	7		0
3	43	 2	 12	1	2520126	2522516	7		0
3	88	 3	 11	1	2531279	2532985	6		0
3	36	 3	 11	1	2545354	2547123	7		0
3	56	 3	 11	1	2572023	2573979	6		0
3	53	 4	 12	1	2581662	2587571	7		0
3	76	 3	 12	1	2595690	2597799	7		0
3	49	 4	 12	1	2629294	2631364	7		0
3	18	 1	 11	1	2642427	2644356	6		0
3	64	 3	 12	1	2652653	2657343	6		0
3	51	 2	 11	1	2673261	2675108	6		0
3	47	 2	 11	1	2702681	2704139	6		0
3	22	 1	 11	1	2736986	2739959	6		0
3	98	 1	 12	1	2748458	2751044	7		0
3	25	 4	 12	1	2781039	2784987	7		0
3	15	 2	 11	1	2806251	2808068	6		0
3	23	 2	 12	1	2814109	2816804	7		0
3	42	 1	 12	1	2837306	2840503	7		0
3	11	 2	 11	1	2847924	2849268	6		0
3	27	 2	 11	1	2860570	2862532	6		0
3	97	 4	 12	1	2873212	2875215	7		0
3	45	 4	 12	1	2901772	2905236	7		0
3	38	 1	 12	1	2917135	2919475	7		0
3	65	 4	 12	1	2935696	2940291	7		0
3	9	 4	 12	1	2951537	2956163	7		0
3	21	 4	 11	1	2991264	2996660	7		0
3	78	 1	 12	1	3003582	3006499	7		0
3	29	 4	 11	1	3013341	3017540	6		0
3	58	 1	 11	1	3025372	3027669	6		0
3	91	 2	 11	1	3034348	3037700	6		0
3	6	 1	 11	1	3045038	3047925	6		0
3	57	 4	 12	1	3055166	3058116	7		0
3	59	 2	 11	1	3076191	3078984	6		0
3	92	 3	 12	1	3092991	3095192	7		0
3	54	 1	 12	1	3108747	3110885	7		0
3	72	 3	 11	1	3137116	3138760	6		0
4	4	 1	 1	1	4394479	4402818	6		0
4	2	 1	 1	1	4437987	4439899	7		0
4	1	 1	 1	1	4464033	4466115	7		0
4	5	 1	 1	1	4481153	4482747	7		0
4	3	 1	 1	1	4501776	4504027	6		0
4	19	 3	 12	1	4619105	4621131	7		0
4	27	 3	 11	1	4633342	4634987	6		0
4	47	 3	 11	1	4643250	4644966	6		0
4	11	 3	 11	1	4652112	4653608	7		0
4	91	 3	 11	1	4667054	4668819	6		0
4	22	 2	 11	1	4681505	4683448	6		0
4	54	 2	 12	1	4690639	4693091	7		0
4	64	 4	 12	1	4699840	4702403	7		0
4	38	 2	 12	1	4722337	4724371	7		0
4	76	 4	 12	1	4737025	4739379	7		0
4	40	 4	 12	1	4744846	4748183	7		0
4	32	 4	 12	1	4773665	4775880	7		0
4	21	 1	 11	1	4781375	4782739	6		0
4	57	 1	 12	1	4810704	4812498	7		0
4	23	 3	 12	1	4846817	4849080	7		0
4	12	 4	 12	1	4892656	4894216	7		0
4	53	 1	 12	1	4906034	4907832	7		0
4	71	 3	 12	1	4914912	4916722	7		0
4	72	 4	 11	1	4923216	4926088	6		0
4	69	 1	 12	1	4938544	4940203	7		0
4	25	 1	 12	1	4970126	4971779	7		0
4	9	 1	 12	1	4988816	4990536	6		0
4	65	 1	 12	1	5010502	5013947	7		0
4	36	 4	 11	1	5023604	5026104	7		0
4	24	 4	 12	1	5032865	5034440	7		0
4	15	 3	 11	1	5064335	5065758	6		0
4	98	 2	 12	1	5077745	5079779	7		0
4	6	 2	 11	1	5086369	5088649	6		0
4	29	 1	 11	1	5119378	5121577	6		0
4	62	 2	 11	1	5129296	5133481	7		0
4	55	 3	 11	1	5143938	5145363	6		0
4	78	 2	 12	1	5166127	5167827	7		0
4	92	 4	 12	1	5185870	5188616	6		0
4	49	 1	 12	1	5195172	5196569	7		0
4	45	 1	 12	1	5202961	5204693	7		0
4	97	 1	 12	1	5210800	5211948	7		0
4	88	 4	 11	1	5217666	5219225	6		0
4	35	 3	 12	1	5227729	5230697	7		0
4	59	 3	 11	1	5295584	5300249	6		0
4	95	 3	 12	1	5313651	5315176	7		0
4	51	 3	 11	1	5324320	5326236	7		0
4	42	 2	 12	1	5335296	5336824	7		0
4	43	 3	 12	1	5352481	5354298	7		0
4	48	 4	 11	1	5369903	5371385	6		0
4	58	 2	 11	1	5386322	5388218	6		0
4	52	 4	 11	1	5401168	5402553	6		0
4	50	 2	 12	1	5409360	5410780	7		0
4	94	 2	 12	1	5427328	5429253	7		0
4	18	 2	 11	1	5434693	5436376	6		0
4	56	 4	 11	1	5446996	5448552	6		0
5	1	 1	 1	1	779388	786687	7		0
5	4	 1	 1	1	822390	825323	6		0
5	5	 1	 1	1	918835	923403	7		0
5	2	 1	 1	1	948185	957499	7		0
5	3	 1	 1	1	979555	982727	6		0
5	12	 1	 12	1	1145335	1149916	7		0
5	19	 4	 12	1	1199070	1203396	7		0
5	35	 4	 12	1	1254149	1257899	7		0
5	65	 2	 12	1	1275188	1279104	7		0
5	38	 3	 12	1	1290334	1297196	7		0
5	78	 3	 12	1	1312714	1315260	7		0
5	55	 4	 11	1	1338437	1342553	6		0
5	51	 4	 11	1	1357874	1360691	6		0
5	9	 2	 12	1	1372219	1375004	6		0
5	25	 2	 12	1	1387757	1391413	7		0
5	88	 1	 11	1	1438350	1443532	6		0
5	92	 1	 12	1	1456106	1458737	7		0
5	56	 1	 11	1	1475440	1478756	6		0
5	11	 4	 11	1	1494249	1499166	6		0
5	43	 4	 12	1	1510933	1513421	7		0
5	36	 1	 11	1	1544311	1550958	6		0
5	52	 1	 11	1	1602504	1605486	6		0
5	97	 2	 12	1	1635384	1637698	7		0
5	6	 3	 11	1	1651685	1654966	6		0
5	53	 2	 12	1	1674923	1678158	7		0
5	40	 1	 12	1	1689766	1694718	7		0
5	24	 1	 12	1	1706955	1710335	7		0
5	45	 2	 12	1	1728920	1734253	7		0
5	62	 3	 11	1	1749588	1752774	6		0
5	47	 4	 11	1	1768334	1770738	6		0
5	54	 3	 12	1	1832231	1834554	7		0
5	48	 1	 11	1	1848001	1853378	6		0
5	21	 2	 11	1	1864180	1866398	6		0
5	98	 3	 12	1	1887324	1889406	7		0
5	57	 2	 12	1	1899863	1902334	7		0
5	18	 3	 11	1	1915974	1920571	6		0
5	71	 4	 12	1	1941866	1943523	7		0
5	29	 2	 11	1	1959925	1964653	6		0
5	50	 3	 12	1	2002711	2006108	7		0
5	27	 4	 11	1	2036951	2039243	6		0
5	91	 4	 11	1	2051590	2053711	6		0
5	94	 3	 12	1	2064070	2069071	7		0
5	64	 1	 12	1	2096280	2101819	6		0
5	95	 4	 12	1	2119960	2123409	7		0
5	42	 3	 12	1	2138345	2140608	7		0
5	32	 1	 12	1	2180649	2182797	7		0
5	23	 4	 12	1	2196299	2198592	7		0
5	15	 4	 11	1	2218219	2220909	6		0
5	22	 3	 11	1	2259623	2263457	6		0
5	59	 4	 11	1	2315739	2320575	6		0
5	69	 2	 12	1	2377260	2379230	7		0
5	58	 3	 11	1	2407835	2411206	6		0
5	76	 1	 12	1	2435626	2438254	7		0
5	49	 2	 12	1	2445207	2448650	7		0
5	72	 1	 11	1	2456187	2458718	6		0
6	3	 1	 1	1	1264954	1270054	7		0
6	1	 1	 1	1	1308797	1313169	7		0
6	5	 1	 1	1	1326905	1331873	7		0
6	4	 1	 1	1	1344401	1349442	6		0
6	2	 1	 1	1	1366253	1370097	7		0
6	47	 1	 11	1	1464598	1467543	7		0
6	62	 4	 11	1	1503666	1508147	6		0
6	25	 3	 12	1	1546486	1551431	7		0
6	35	 1	 12	1	1562360	1566772	7		0
6	58	 4	 11	1	1591674	1594335	6		0
6	36	 2	 11	1	1617756	1623423	7		0
6	18	 4	 11	1	1634670	1642159	6		0
6	65	 3	 12	1	1696491	1700544	7		0
6	6	 4	 11	1	1712962	1714892	6		0
6	12	 2	 12	1	1745385	1747970	7		0
6	56	 2	 11	1	1785482	1791186	6		0
6	49	 3	 12	1	1814725	1816504	7		0
6	69	 3	 12	1	1887677	1891030	7		0
6	45	 3	 12	1	1923508	1928137	6		0
6	40	 2	 12	1	1968449	1975140	7		0
6	15	 1	 11	1	2271357	2273890	6		0
6	21	 3	 11	1	2294030	2297091	6		0
6	48	 2	 11	1	2305807	2308116	6		0
6	51	 1	 11	1	2336352	2337925	6		0
6	98	 4	 12	1	2351726	2355908	7		0
6	72	 2	 11	1	2368559	2374178	7		0
6	78	 4	 12	1	2389033	2391325	7		0
6	76	 2	 12	1	2406993	2412437	6		0
6	50	 4	 12	1	2442652	2445937	7		0
6	95	 1	 12	1	2479844	2486231	7		0
6	38	 4	 12	1	2508343	2512762	7		0
6	24	 2	 12	1	2541792	2547794	7		0
6	54	 4	 12	1	2574989	2580294	7		0
6	64	 2	 12	1	2589852	2598638	6		0
6	9	 3	 12	1	2612189	2616384	6		0
6	71	 1	 12	1	2653663	2655938	7		0
6	91	 1	 11	1	2669438	2675270	6		0
6	97	 3	 12	1	2696701	2699583	7		0
6	94	 4	 12	1	2722061	2727717	7		0
6	27	 1	 11	1	2740046	2742726	6		0
6	43	 1	 12	1	2795806	2801429	7		0
6	22	 4	 11	1	2842268	2845031	6		0
6	11	 1	 11	1	2857969	2861827	6		0
6	52	 2	 11	1	2876556	2882631	6		0
6	88	 2	 11	1	2924093	2927654	6		0
6	23	 1	 12	1	2951991	2954215	7		0
6	57	 3	 12	1	3033892	3037560	7		0
6	42	 4	 12	1	3064959	3067717	7		0
6	19	 1	 12	1	3099406	3102992	7		0
6	29	 3	 11	1	3158671	3163497	7		0
6	53	 3	 12	1	3182112	3186681	7		0
6	55	 1	 11	1	3199620	3205373	6		0
6	32	 2	 12	1	3219455	3221865	7		0
6	92	 2	 12	1	3242767	3244264	7		0
6	59	 1	 11	1	3268421	3273514	6		0
7	2	 1	 1	1	4661939	4666535	7		0
7	1	 1	 1	1	4685624	4697636	6		0
7	5	 1	 1	1	4747775	4752355	7		0
7	4	 1	 1	1	4764552	4768063	6		0
7	3	 1	 1	1	4790520	4792351	6		0
7	56	 3	 11	1	4904551	4909705	7		0
7	24	 3	 12	1	4920010	4923213	7		0
7	69	 4	 12	1	4950713	4952340	7		0
7	27	 2	 11	1	4963462	4966031	6		0
7	54	 1	 12	1	4976650	4979993	7		0
7	94	 1	 12	1	4992665	4997405	6		0
7	21	 4	 11	1	5048806	5055353	6		0
7	42	 1	 12	1	5093354	5095310	7		0
7	36	 3	 11	1	5189726	5199922	6		0
7	58	 1	 11	1	5229079	5231514	6		0
7	64	 3	 12	1	5240059	5246478	7		0
7	59	 2	 11	1	5345418	5350734	6		0
7	12	 3	 12	1	5404724	5407070	7		0
7	48	 3	 11	1	5426984	5429953	6		0
7	29	 4	 11	1	5466760	5471457	7		0
7	43	 2	 12	1	5509850	5514705	7		0
7	52	 3	 11	1	5547375	5553554	6		0
7	38	 1	 12	1	5575658	5583872	7		0
7	15	 2	 11	1	5617690	5620595	6		0
7	6	 1	 11	1	5630425	5632353	6		0
7	32	 3	 12	1	5642862	5644404	7		0
7	71	 2	 12	1	5665225	5667943	6		0
7	92	 3	 12	1	5677960	5684891	6		0
7	53	 4	 12	1	5695593	5698557	7		0
7	9	 4	 12	1	5711036	5713447	6		0
7	50	 1	 12	1	5725322	5738151	6		0
7	19	 2	 12	1	5746829	5750166	7		0
7	51	 2	 11	1	5764523	5766503	6		0
7	88	 3	 11	1	5778395	5780487	6		0
7	65	 4	 12	1	5794366	5798498	7		0
7	47	 2	 11	1	5879611	5881928	6		0
7	22	 1	 11	1	5901423	5906360	6		0
7	45	 4	 12	1	5915965	5923556	7		0
7	55	 2	 11	1	5936957	5943267	6		0
7	78	 1	 12	1	5968475	5975219	6		0
7	11	 2	 11	1	5984781	5987044	6		0
7	35	 2	 12	1	6043402	6046921	7		0
7	18	 1	 11	1	6056030	6059993	6		0
7	40	 3	 12	1	6068948	6072873	6		0
7	97	 4	 12	1	6092074	6094585	7		0
7	49	 4	 12	1	6144463	6147405	7		0
7	98	 1	 12	1	6181900	6183501	7		0
7	62	 1	 11	1	6197772	6202212	6		0
7	57	 4	 12	1	6211597	6213717	7		0
7	76	 3	 12	1	6227634	6234278	6		0
7	23	 2	 12	1	6254205	6256805	7		0
7	91	 2	 11	1	6267071	6273425	6		0
7	95	 2	 12	1	6287838	6291173	7		0
7	25	 4	 12	1	6304288	6308709	6		0
7	72	 3	 11	1	6319007	6322037	7		0
8	4	 1	 1	1	210090	214733	6		0
8	1	 1	 1	1	233192	240253	7		0
8	2	 1	 1	1	259683	264205	7		0
8	3	 1	 1	1	276901	281917	6		0
8	5	 1	 1	1	292169	294460	7		0
8	76	 4	 12	1	442874	445213	7		0
8	6	 2	 11	1	455461	457800	6		0
8	94	 2	 12	1	471919	474772	7		0
8	97	 1	 12	1	483246	484992	7		0
8	52	 4	 11	1	497412	500440	6		0
8	32	 4	 12	1	543946	545773	7		0
8	59	 3	 11	1	556204	559648	6		0
8	15	 3	 11	1	568655	572688	7		0
8	51	 3	 11	1	595302	597488	6		0
8	65	 1	 12	1	627466	631900	7		0
8	27	 3	 11	1	662503	664785	6		0
8	50	 2	 12	1	691189	692953	7		0
8	21	 1	 11	1	699258	701101	6		0
8	24	 4	 12	1	725455	727137	7		0
8	45	 1	 12	1	737339	744385	7		0
8	12	 4	 12	1	756389	759053	7		0
8	35	 3	 12	1	769450	777293	7		0
8	92	 4	 12	1	792992	795245	7		0
8	72	 4	 11	1	806568	809889	6		0
8	42	 2	 12	1	855424	858676	7		0
8	56	 4	 11	1	869676	871585	6		0
8	88	 4	 11	1	880536	882493	6		0
8	48	 4	 11	1	891146	898766	6		0
8	69	 1	 12	1	910911	912993	7		0
8	55	 3	 11	1	939095	940669	6		0
8	57	 1	 12	1	1066368	1068754	7		0
8	58	 2	 11	1	1086347	1088558	6		0
8	54	 2	 12	1	1099883	1103745	7		0
8	53	 1	 12	1	1109929	1116174	7		0
8	43	 3	 12	1	1135765	1138368	7		0
8	19	 3	 12	1	1150746	1153026	7		0
8	62	 2	 11	1	1163943	1169010	6		0
8	64	 4	 12	1	1176745	1183747	6		0
8	98	 2	 12	1	1203640	1213243	7		0
8	78	 2	 12	1	1239255	1243819	6		0
8	25	 1	 12	1	1253865	1260867	7		0
8	95	 3	 12	1	1272183	1275594	7		0
8	29	 1	 11	1	1287110	1291795	6		0
8	36	 4	 11	1	1339352	1342396	7		0
8	9	 1	 12	1	1352795	1356015	7		0
8	23	 3	 12	1	1390214	1391927	7		0
8	38	 2	 12	1	1402789	1404944	7		0
8	11	 3	 11	1	1414777	1417988	6		0
8	40	 4	 12	1	1455575	1459587	7		0
8	22	 2	 11	1	1478348	1481104	6		0
8	49	 1	 12	1	1511465	1513612	7		0
8	91	 3	 11	1	1522680	1526160	6		0
8	18	 2	 11	1	1543253	1545880	6		0
8	71	 3	 12	1	1611991	1613804	7		0
8	47	 3	 11	1	1621869	1623616	6		0
9	4	 1	 1	1	1079378	1085780	6		0
9	2	 1	 1	1	1102406	1105976	7		0
9	3	 1	 1	1	1130848	1133991	6		0
9	1	 1	 1	1	1153911	1157065	7		0
9	5	 1	 1	1	1169662	1172680	7		0
9	36	 1	 11	1	1335955	1341252	7		0
9	32	 1	 12	1	1360834	1362933	7		0
9	57	 2	 12	1	1372208	1375590	7		0
9	76	 1	 12	1	1404964	1407833	7		0
9	49	 2	 12	1	1416914	1419079	7		0
9	56	 1	 11	1	1432208	1435588	6		0
9	58	 3	 11	1	1515618	1528039	7		0
9	51	 4	 11	1	1549732	1551592	6		0
9	78	 3	 12	1	1561903	1564312	7		0
9	88	 1	 11	1	1616860	1620880	6		0
9	48	 1	 11	1	1645181	1648264	6		0
9	35	 4	 12	1	1681375	1685304	6		0
9	47	 4	 11	1	1698302	1701273	6		0
9	42	 3	 12	1	1726511	1728546	7		0
9	9	 2	 12	1	1739651	1742400	6		0
9	69	 2	 12	1	1779473	1782481	7		0
9	71	 4	 12	1	1798353	1801032	7		0
9	92	 1	 12	1	1820960	1822829	7		0
9	65	 2	 12	1	1839534	1842752	7		0
9	53	 2	 12	1	1861874	1864104	7		0
9	24	 1	 12	1	1878547	1880376	7		0
9	97	 2	 12	1	1900833	1902838	7		0
9	15	 4	 11	1	1910152	1912058	6		0
9	62	 3	 11	1	1930003	1933621	6		0
9	38	 3	 12	1	1957927	1962913	7		0
9	91	 4	 11	1	1971936	1975281	6		0
9	27	 4	 11	1	1989780	1993037	6		0
9	19	 4	 12	1	2006241	2009225	7		0
9	29	 2	 11	1	2045766	2048846	6		0
9	11	 4	 11	1	2056845	2065081	6		0
9	21	 2	 11	1	2096709	2098951	6		0
9	94	 3	 12	1	2110248	2113435	7		0
9	64	 1	 12	1	2139732	2142359	7		0
9	50	 3	 12	1	2152627	2155643	7		0
9	52	 1	 11	1	2191123	2193871	6		0
9	72	 1	 11	1	2216904	2220202	6		0
9	23	 4	 12	1	2238481	2240795	7		0
9	40	 1	 12	1	2247925	2254281	7		0
9	22	 3	 11	1	2271986	2275706	6		0
9	59	 4	 11	1	2285797	2288856	6		0
9	6	 3	 11	1	2308483	2311882	6		0
9	98	 3	 12	1	2326786	2330103	7		0
9	18	 3	 11	1	2345017	2347692	6		0
9	25	 2	 12	1	2357829	2361403	7		0
9	55	 4	 11	1	2384053	2386200	6		0
9	54	 3	 12	1	2403652	2406088	7		0
9	12	 1	 12	1	2414950	2417319	7		0
9	95	 4	 12	1	2446946	2449898	7		0
9	45	 2	 12	1	2462966	2467802	7		0
9	43	 4	 12	1	2478580	2482506	7		0
10	1	 1	 1	1	1066172	1076077	7		0
10	3	 1	 1	1	1090798	1094833	6		0
10	2	 1	 1	1	1121099	1126318	7		0
10	4	 1	 1	1	1160964	1165125	6		0
10	5	 1	 1	1	1191840	1195617	7		0
10	69	 4	 12	1	1518157	1521407	7		0
10	50	 1	 12	1	1564263	1567456	7		0
10	64	 3	 12	1	1583624	1589184	6		0
10	19	 2	 12	1	1606796	1613167	7		0
10	57	 4	 12	1	1691978	1694673	7		0
10	71	 2	 12	1	1718740	1721104	7		0
10	58	 1	 11	1	1730936	1736148	6		0
10	48	 3	 11	1	1766511	1772339	7		0
10	54	 1	 12	1	1791540	1794199	7		0
10	56	 3	 11	1	1817624	1821056	6		0
10	51	 2	 11	1	1832087	1835212	6		0
10	52	 3	 11	1	1893819	1896623	6		0
10	12	 3	 12	1	1982585	1985280	7		0
10	92	 3	 12	1	2005144	2007056	7		0
10	45	 4	 12	1	2044794	2048068	7		0
10	49	 4	 12	1	2059804	2062152	7		0
10	72	 3	 11	1	2079240	2085169	6		0
10	24	 3	 12	1	2098396	2100424	7		0
10	11	 2	 11	1	2118891	2120695	6		0
10	91	 2	 11	1	2136523	2138896	6		0
10	32	 3	 12	1	2148905	2150977	7		0
10	35	 2	 12	1	2160010	2162560	7		0
10	6	 1	 11	1	2181835	2184764	6		0
10	29	 4	 11	1	2208443	2211404	6		0
10	78	 1	 12	1	2237435	2240077	7		0
10	98	 1	 12	1	2329288	2331090	7		0
10	55	 2	 11	1	2344155	2348478	6		0
10	94	 1	 12	1	2358297	2365123	6		0
10	47	 2	 11	1	2395697	2397926	6		0
10	15	 2	 11	1	2408411	2411701	6		0
10	27	 2	 11	1	2447978	2450402	6		0
10	65	 4	 12	1	2466203	2471119	7		0
10	42	 1	 12	1	2499455	2501458	7		0
10	62	 1	 11	1	2541995	2548483	6		0
10	53	 4	 12	1	2562395	2565375	7		0
10	23	 2	 12	1	2591848	2593994	7		0
10	59	 2	 11	1	2610441	2616252	6		0
10	22	 1	 11	1	2633131	2636132	6		0
10	36	 3	 11	1	2658032	2660949	7		0
10	9	 4	 12	1	2692428	2694763	6		0
10	21	 4	 11	1	2705720	2707575	6		0
10	97	 4	 12	1	2718795	2721587	7		0
10	43	 2	 12	1	2737615	2742196	7		0
10	76	 3	 12	1	2761277	2763963	7		0
10	40	 3	 12	1	2772177	2775077	7		0
10	38	 1	 12	1	2784954	2788191	7		0
10	88	 3	 11	1	2797871	2800324	6		0
10	95	 2	 12	1	2814573	2816975	7		0
10	18	 1	 11	1	2831005	2833759	6		0
10	25	 4	 12	1	2847996	2853124	6		0
11	2	 1	 1	1	1037411	1046406	7		0
11	3	 1	 1	1	1064337	1069608	6		0
11	1	 1	 1	1	1166194	1173832	7		0
11	5	 1	 1	1	1214354	1218630	7		0
11	4	 1	 1	1	1280654	1284294	6		0
11	22	 2	 11	1	1626793	1631570	6		0
11	25	 1	 12	1	1703123	1707511	7		0
11	88	 4	 11	1	1724551	1727433	6		0
11	40	 4	 12	1	1738376	1744427	7		0
11	65	 1	 12	1	1787342	1791282	7		0
11	19	 3	 12	1	1810866	1815161	7		0
11	72	 4	 11	1	1839793	1842647	6		0
11	15	 3	 11	1	1851875	1853849	6		0
11	11	 3	 11	1	1934690	1936824	6		0
11	6	 2	 11	1	1953428	1957110	6		0
11	69	 1	 12	1	1972354	1974846	7		0
11	29	 1	 11	1	1987138	1992278	6		0
11	76	 4	 12	1	2010898	2015416	7		0
11	35	 3	 12	1	2043047	2046474	7		0
11	78	 2	 12	1	2058005	2063494	6		0
11	27	 3	 11	1	2109003	2111519	6		0
11	54	 2	 12	1	2125045	2127975	7		0
11	47	 3	 11	1	2151539	2156118	6		0
11	92	 4	 12	1	2183042	2185910	7		0
11	56	 4	 11	1	2204835	2206793	6		0
11	58	 2	 11	1	2234966	2237294	6		0
11	9	 1	 12	1	2307106	2310793	7		0
11	55	 3	 11	1	2344166	2346282	6		0
11	94	 2	 12	1	2354601	2359135	7		0
11	21	 1	 11	1	2366993	2370377	6		0
11	36	 4	 11	1	2420401	2423723	7		0
11	64	 4	 12	1	2433040	2437198	7		0
11	43	 3	 12	1	2467348	2472282	7		0
11	48	 4	 11	1	2496277	2499195	7		0
11	45	 1	 12	1	2513711	2519427	7		0
11	51	 3	 11	1	2563013	2564391	6		0
11	91	 3	 11	1	2605089	2607404	6		0
11	24	 4	 12	1	2659477	2661787	7		0
11	23	 3	 12	1	2815554	2818747	7		0
11	98	 2	 12	1	2831413	2836893	7		0
11	52	 4	 11	1	2864627	2866806	6		0
11	18	 2	 11	1	2882033	2885656	6		0
11	57	 1	 12	1	2893764	2896028	7		0
11	12	 4	 12	1	2916613	2919483	7		0
11	95	 3	 12	1	2938246	2944501	7		0
11	71	 3	 12	1	2959366	2961273	7		0
11	59	 3	 11	1	2970806	2976557	6		0
11	50	 2	 12	1	2994101	2996865	7		0
11	53	 1	 12	1	3055235	3059061	7		0
11	38	 2	 12	1	3078148	3084758	7		0
11	49	 1	 12	1	3106951	3109098	7		0
11	42	 2	 12	1	3121444	3123452	7		0
11	62	 2	 11	1	3138854	3142233	6		0
11	32	 4	 12	1	3183671	3186781	7		0
11	97	 1	 12	1	3202149	3204678	7		0
12	3	 1	 1	1	411859	414669	6		0
12	4	 1	 1	1	426321	429421	6		0
12	5	 1	 1	1	458098	460317	7		0
12	1	 1	 1	1	479288	482441	7		0
12	2	 1	 1	1	491656	493482	7		0
12	62	 4	 11	1	624954	628333	6		0
12	12	 2	 12	1	635991	639355	7		0
12	23	 1	 12	1	661334	663179	7		0
12	97	 3	 12	1	683893	685706	7		0
12	78	 4	 12	1	693440	695899	7		0
12	98	 4	 12	1	703197	705777	7		0
12	69	 3	 12	1	729018	730845	7		0
12	19	 1	 12	1	751638	754206	7		0
12	18	 4	 11	1	767072	769571	6		0
12	54	 4	 12	1	777431	778937	7		0
12	64	 2	 12	1	791111	799513	7		0
12	56	 2	 11	1	808434	811515	6		0
12	36	 2	 11	1	833341	836556	7		0
12	9	 3	 12	1	856693	858587	6		0
12	65	 3	 12	1	891128	895801	7		0
12	52	 2	 11	1	903766	906905	6		0
12	47	 1	 11	1	921485	924561	6		0
12	6	 4	 11	1	932535	935147	6		0
12	59	 1	 11	1	942583	947002	6		0
12	22	 4	 11	1	961032	962985	6		0
12	88	 2	 11	1	969270	971467	6		0
12	58	 4	 11	1	985560	987817	6		0
12	15	 1	 11	1	994244	996411	6		0
12	38	 4	 12	1	1017904	1020566	7		0
12	40	 2	 12	1	1027194	1031902	7		0
12	24	 2	 12	1	1040187	1042398	7		0
12	53	 3	 12	1	1050839	1053514	7		0
12	42	 4	 12	1	1084278	1086426	7		0
12	94	 4	 12	1	1187699	1190044	7		0
12	50	 4	 12	1	1198786	1200726	7		0
12	95	 1	 12	1	1244211	1246654	7		0
12	91	 1	 11	1	1253522	1257205	6		0
12	43	 1	 12	1	1277972	1286358	7		0
12	35	 1	 12	1	1306518	1309467	7		0
12	25	 3	 12	1	1385731	1388847	7		0
12	27	 1	 11	1	1410194	1412630	6		0
12	51	 1	 11	1	1436242	1438558	6		0
12	55	 1	 11	1	1446101	1449046	6		0
12	45	 3	 12	1	1456886	1464284	7		0
12	76	 2	 12	1	1482134	1484074	7		0
12	71	 1	 12	1	1494481	1496412	7		0
12	21	 3	 11	1	1503219	1504668	6		0
12	57	 3	 12	1	1521555	1523974	7		0
12	72	 2	 11	1	1531318	1535179	6		0
12	11	 1	 11	1	1548916	1550717	6		0
12	49	 3	 12	1	1558476	1560911	7		0
12	48	 2	 11	1	1568885	1571663	6		0
12	92	 2	 12	1	1586087	1587911	7		0
12	32	 2	 12	1	1595397	1596700	7		0
12	29	 3	 11	1	1607141	1615262	6		0
13	5	 1	 1	1	674699	679296	7		0
13	4	 1	 1	1	698727	702088	6		0
13	1	 1	 1	1	709653	712456	7		0
13	2	 1	 1	1	723211	725004	6		0
13	3	 1	 1	1	738446	746592	7		0
13	22	 2	 11	1	1014398	1018049	6		0
13	19	 3	 12	1	1096958	1100673	6		0
13	52	 4	 11	1	1125664	1128434	6		0
13	97	 1	 12	1	1138868	1141798	7		0
13	59	 3	 11	1	1158605	1166738	6		0
13	51	 3	 11	1	1187054	1190801	6		0
13	58	 2	 11	1	1211587	1214455	6		0
13	6	 2	 11	1	1228042	1231538	6		0
13	88	 4	 11	1	1240360	1242732	6		0
13	38	 2	 12	1	1259056	1262114	7		0
13	91	 3	 11	1	1293131	1296145	6		0
13	62	 2	 11	1	1315279	1318358	6		0
13	35	 3	 12	1	1332634	1335650	7		0
13	57	 1	 12	1	1355611	1358990	7		0
13	42	 2	 12	1	1378511	1380914	7		0
13	65	 1	 12	1	1397036	1400574	7		0
13	25	 1	 12	1	1416697	1422096	7		0
13	69	 1	 12	1	1459031	1461469	7		0
13	43	 3	 12	1	1483101	1485906	7		0
13	49	 1	 12	1	1543324	1545597	7		0
13	54	 2	 12	1	1612637	1616454	6		0
13	36	 4	 11	1	1643162	1650659	7		0
13	55	 3	 11	1	1668123	1670511	6		0
13	21	 1	 11	1	1678473	1680927	6		0
13	98	 2	 12	1	1697379	1699415	7		0
13	40	 4	 12	1	1723757	1729684	6		0
13	92	 4	 12	1	1737807	1742947	7		0
13	15	 3	 11	1	1777390	1778834	6		0
13	76	 4	 12	1	1804492	1806994	7		0
13	29	 1	 11	1	1841823	1844518	6		0
13	11	 3	 11	1	1856539	1860642	6		0
13	71	 3	 12	1	2060123	2061729	7		0
13	47	 3	 11	1	2082684	2084237	6		0
13	53	 1	 12	1	2109402	2111644	7		0
13	94	 2	 12	1	2121853	2124128	7		0
13	24	 4	 12	1	2147819	2149760	7		0
13	48	 4	 11	1	2179437	2183876	7		0
13	64	 4	 12	1	2225906	2234213	7		0
13	23	 3	 12	1	2291692	2293716	7		0
13	18	 2	 11	1	2317711	2320544	6		0
13	72	 4	 11	1	2347227	2349372	6		0
13	12	 4	 12	1	2364347	2367020	7		0
13	56	 4	 11	1	2411823	2415989	6		0
13	27	 3	 11	1	2439483	2442421	6		0
13	95	 3	 12	1	2473682	2477220	7		0
13	9	 1	 12	1	2491581	2495633	6		0
13	45	 1	 12	1	2524463	2527167	7		0
13	78	 2	 12	1	2538574	2540658	7		0
13	50	 2	 12	1	2586668	2588916	7		0
13	32	 4	 12	1	2614384	2616596	7		0
14	1	 1	 1	1	648782	652919	7		0
14	2	 1	 1	1	676152	678173	7		0
14	4	 1	 1	1	685770	687469	6		0
14	5	 1	 1	1	697905	699320	7		0
14	3	 1	 1	1	722356	724281	6		0
14	25	 2	 12	1	907254	908904	7		0
14	65	 2	 12	1	927348	929341	7		0
14	48	 1	 11	1	946260	947613	6		0
14	72	 1	 11	1	955173	957917	6		0
14	6	 3	 11	1	964387	966446	6		0
14	52	 1	 11	1	972289	974481	6		0
14	56	 1	 11	1	987571	989210	6		0
14	94	 3	 12	1	994756	996970	7		0
14	42	 3	 12	1	1003348	1004521	7		0
14	38	 3	 12	1	1020538	1022429	7		0
14	53	 2	 12	1	1028052	1029338	7		0
14	43	 4	 12	1	1037073	1038567	7		0
14	64	 1	 12	1	1043286	1047354	6		0
14	50	 3	 12	1	1054209	1055510	7		0
14	91	 4	 11	1	1061312	1062616	6		0
14	54	 3	 12	1	1072610	1074074	7		0
14	59	 4	 11	1	1085088	1086846	6		0
14	71	 4	 12	1	1095152	1096889	7		0
14	29	 2	 11	1	1101920	1103338	6		0
14	62	 3	 11	1	1114533	1116146	6		0
14	40	 1	 12	1	1120835	1122169	7		0
14	51	 4	 11	1	1127955	1128830	6		0
14	49	 2	 12	1	1167468	1168537	7		0
14	88	 1	 11	1	1173319	1174746	6		0
14	32	 1	 12	1	1186579	1187671	7		0
14	58	 3	 11	1	1193396	1194694	6		0
14	24	 1	 12	1	1201381	1202553	7		0
14	23	 4	 12	1	1208453	1209479	7		0
14	12	 1	 12	1	1214747	1215774	7		0
14	35	 4	 12	1	1222885	1224152	7		0
14	21	 2	 11	1	1243517	1244402	6		0
14	36	 1	 11	1	1258177	1260004	7		0
14	9	 2	 12	1	1265906	1267113	7		0
14	11	 4	 11	1	1273730	1275401	6		0
14	47	 4	 11	1	1281574	1282652	6		0
14	57	 2	 12	1	1289329	1290626	7		0
14	98	 3	 12	1	1296032	1297539	7		0
14	18	 3	 11	1	1310114	1311705	6		0
14	19	 4	 12	1	1318353	1320121	7		0
14	27	 4	 11	1	1357505	1358915	6		0
14	76	 1	 12	1	1364788	1365894	7		0
14	69	 2	 12	1	1371695	1372874	7		0
14	95	 4	 12	1	1387909	1389671	7		0
14	22	 3	 11	1	1395007	1396553	6		0
14	78	 3	 12	1	1402996	1404072	7		0
14	55	 4	 11	1	1415508	1416601	6		0
14	97	 2	 12	1	1432933	1434137	7		0
14	92	 1	 12	1	1443318	1444411	7		0
14	15	 4	 11	1	1455328	1456491	6		0
14	45	 2	 12	1	1473683	1474857	7		0
15	4	 1	 1	1	3948617	3953984	6		0
15	2	 1	 1	1	3982651	3985501	7		0
15	1	 1	 1	1	3994711	4001314	7		0
15	3	 1	 1	1	4037531	4040545	6		0
15	5	 1	 1	1	4062185	4067024	6		0
15	52	 2	 11	1	4275593	4281312	6		0
15	54	 4	 12	1	4292823	4295370	7		0
15	22	 4	 11	1	4318396	4324546	7		0
15	36	 2	 11	1	4335612	4341923	6		0
15	76	 2	 12	1	4354617	4361887	7		0
15	65	 3	 12	1	4399627	4404684	7		0
15	88	 2	 11	1	4444125	4446415	6		0
15	19	 1	 12	1	4472921	4476081	7		0
15	21	 3	 11	1	4518809	4521618	6		0
15	51	 1	 11	1	4534301	4536351	6		0
15	69	 3	 12	1	4565052	4567186	7		0
15	78	 4	 12	1	4577097	4580563	7		0
15	91	 1	 11	1	4600398	4604050	6		0
15	47	 1	 11	1	4627501	4631780	6		0
15	38	 4	 12	1	4643801	4648035	7		0
15	6	 4	 11	1	4775359	4780463	6		0
15	50	 4	 12	1	4790223	4793571	7		0
15	49	 3	 12	1	4813406	4816738	7		0
15	59	 1	 11	1	4826175	4831061	6		0
15	24	 2	 12	1	4846764	4849699	7		0
15	56	 2	 11	1	4862314	4865148	7		0
15	15	 1	 11	1	4900446	4902467	6		0
15	95	 1	 12	1	4912187	4916099	7		0
15	53	 3	 12	1	4939344	4944515	7		0
15	40	 2	 12	1	4956522	4962153	7		0
15	18	 4	 11	1	4989885	5000897	6		0
15	57	 3	 12	1	5009294	5012853	7		0
15	23	 1	 12	1	5030884	5033225	7		0
15	45	 3	 12	1	5073901	5078387	7		0
15	12	 2	 12	1	5087293	5089281	7		0
15	27	 1	 11	1	5098378	5100980	6		0
15	35	 1	 12	1	5128431	5134833	6		0
15	29	 3	 11	1	5146684	5158146	7		0
15	71	 1	 12	1	5171485	5175314	7		0
15	43	 1	 12	1	5209489	5217802	7		0
15	9	 3	 12	1	5231476	5236997	6		0
15	58	 4	 11	1	5246045	5248318	6		0
15	62	 4	 11	1	5264508	5272814	6		0
15	72	 2	 11	1	5285165	5288338	7		0
15	55	 1	 11	1	5304827	5307098	6		0
15	97	 3	 12	1	5330512	5333542	7		0
15	11	 1	 11	1	5366319	5373570	7		0
15	64	 2	 12	1	5382081	5386805	7		0
15	32	 2	 12	1	5414987	5417268	7		0
15	25	 3	 12	1	5438639	5444039	7		0
15	92	 2	 12	1	5459036	5460887	7		0
15	48	 2	 11	1	5481135	5493235	7		0
15	98	 4	 12	1	5507921	5513939	7		0
15	94	 4	 12	1	5696703	5702769	7		0
15	42	 4	 12	1	5719870	5723351	7		0
16	1	 1	 1	1	399690	406157	7		0
16	2	 1	 1	1	417819	421821	7		0
16	5	 1	 1	1	436762	440093	7		0
16	3	 1	 1	1	452741	454905	6		0
16	4	 1	 1	1	475559	478505	6		0
16	40	 3	 12	1	710887	715241	7		0
16	11	 2	 11	1	723834	726829	6		0
16	53	 4	 12	1	734876	737889	7		0
16	91	 2	 11	1	762306	765524	6		0
16	21	 4	 11	1	788462	790569	6		0
16	35	 2	 12	1	825485	829248	7		0
16	49	 4	 12	1	843297	847683	6		0
16	62	 1	 11	1	898915	902056	6		0
16	42	 1	 12	1	911627	914059	6		0
16	64	 3	 12	1	923249	926971	7		0
16	43	 2	 12	1	940529	943907	7		0
16	52	 3	 11	1	959296	963540	7		0
16	22	 1	 11	1	971506	973716	6		0
16	18	 1	 11	1	992351	995152	6		0
16	78	 1	 12	1	1001917	1004456	7		0
16	94	 1	 12	1	1029191	1032374	7		0
16	88	 3	 11	1	1039410	1042180	6		0
16	92	 3	 12	1	1072040	1073971	6		0
16	97	 4	 12	1	1082104	1084763	6		0
16	59	 2	 11	1	1093954	1097175	6		0
16	65	 4	 12	1	1121969	1125988	7		0
16	12	 3	 12	1	1147496	1150908	7		0
16	32	 3	 12	1	1158873	1161340	7		0
16	71	 2	 12	1	1169928	1172316	7		0
16	51	 2	 11	1	1181440	1185464	6		0
16	58	 1	 11	1	1194850	1197700	6		0
16	57	 4	 12	1	1220817	1223703	7		0
16	23	 2	 12	1	1397505	1399484	7		0
16	95	 2	 12	1	1413264	1416392	7		0
16	27	 2	 11	1	1438703	1441128	6		0
16	69	 4	 12	1	1450241	1453272	7		0
16	6	 1	 11	1	1459046	1463450	6		0
16	38	 1	 12	1	1470704	1474200	7		0
16	25	 4	 12	1	1482383	1485521	7		0
16	47	 2	 11	1	1495104	1497993	7		0
16	48	 3	 11	1	1505634	1508233	6		0
16	50	 1	 12	1	1516126	1519706	7		0
16	9	 4	 12	1	1529695	1533598	6		0
16	72	 3	 11	1	1548912	1554289	7		0
16	45	 4	 12	1	1575060	1579176	7		0
16	76	 3	 12	1	1587252	1589718	7		0
16	98	 1	 12	1	1605664	1609081	7		0
16	55	 2	 11	1	1626754	1630501	6		0
16	56	 3	 11	1	1644243	1648569	7		0
16	19	 2	 12	1	1663326	1667482	7		0
16	24	 3	 12	1	1675679	1678146	7		0
16	15	 2	 11	1	1686498	1689190	6		0
16	36	 3	 11	1	1735263	1739155	7		0
16	54	 1	 12	1	1748837	1751146	7		0
16	29	 4	 11	1	1775886	1779218	7		0
17	1	 1	 1	1	839851	843891	7		0
17	3	 1	 1	1	865161	867776	6		0
17	2	 1	 1	1	902378	904161	7		0
17	4	 1	 1	1	923705	925553	6		0
17	5	 1	 1	1	943757	946785	7		0
17	64	 4	 12	1	1108937	1111271	7		0
17	59	 3	 11	1	1129527	1133175	6		0
17	92	 4	 12	1	1157763	1159265	7		0
17	65	 1	 12	1	1174378	1177122	7		0
17	54	 2	 12	1	1196367	1198611	7		0
17	48	 4	 11	1	1278105	1279489	6		0
17	71	 3	 12	1	1290188	1291523	7		0
17	22	 2	 11	1	1308048	1309783	6		0
17	51	 3	 11	1	1320395	1321559	6		0
17	19	 3	 12	1	1342195	1343719	7		0
17	95	 3	 12	1	1362162	1365776	7		0
17	53	 1	 12	1	1398311	1402667	7		0
17	69	 1	 12	1	1414844	1416583	7		0
17	49	 1	 12	1	1425611	1427249	7		0
17	78	 2	 12	1	1443293	1444895	7		0
17	23	 3	 12	1	1463147	1464321	7		0
17	72	 4	 11	1	1499523	1502920	6		0
17	76	 4	 12	1	1525608	1527633	7		0
17	35	 3	 12	1	1534524	1535860	7		0
17	27	 3	 11	1	1554101	1557400	6		0
17	94	 2	 12	1	1686185	1689761	7		0
17	15	 3	 11	1	1776764	1778785	6		0
17	29	 1	 11	1	1819790	1824130	6		0
17	9	 1	 12	1	1835053	1837811	6		0
17	47	 3	 11	1	1851886	1854153	6		0
17	25	 1	 12	1	1982678	1984788	7		0
17	24	 4	 12	1	1997160	1998737	7		0
17	57	 1	 12	1	2005415	2007212	7		0
17	88	 4	 11	1	2020412	2022000	6		0
17	36	 4	 11	1	2031402	2036899	7		0
17	42	 2	 12	1	2045280	2046547	7		0
17	6	 2	 11	1	2055325	2057652	6		0
17	12	 4	 12	1	2065946	2067233	7		0
17	55	 3	 11	1	2093833	2095723	6		0
17	40	 4	 12	1	2119482	2122251	7		0
17	52	 4	 11	1	2149065	2150324	6		0
17	43	 3	 12	1	2158523	2160303	7		0
17	45	 1	 12	1	2168446	2172193	7		0
17	56	 4	 11	1	2220489	2222560	6		0
17	38	 2	 12	1	2234794	2237228	7		0
17	98	 2	 12	1	2264409	2265521	7		0
17	21	 1	 11	1	2273610	2274747	6		0
17	58	 2	 11	1	2298969	2301340	6		0
17	11	 3	 11	1	2309083	2310324	6		0
17	50	 2	 12	1	2321050	2322625	7		0
17	97	 1	 12	1	2354056	2355531	7		0
17	18	 2	 11	1	2376956	2381297	6		0
17	62	 2	 11	1	2391624	2394719	6		0
17	32	 4	 12	1	2404728	2405771	7		0
17	91	 3	 11	1	2428203	2432016	6		0
18	2	 1	 1	1	524802	527803	7		0
18	4	 1	 1	1	536029	538504	6		0
18	5	 1	 1	1	546565	548231	7		0
18	3	 1	 1	1	556531	558010	6		0
18	1	 1	 1	1	571917	573567	7		0
18	9	 2	 12	1	658625	660184	7		0
18	11	 4	 11	1	667493	669211	6		0
18	59	 4	 11	1	676204	679752	6		0
18	12	 1	 12	1	690678	692443	7		0
18	45	 2	 12	1	698568	700186	7		0
18	32	 1	 12	1	717014	720683	7		0
18	36	 1	 11	1	748852	750424	7		0
18	43	 4	 12	1	757284	758855	7		0
18	35	 4	 12	1	765669	767096	7		0
18	94	 3	 12	1	773552	775463	7		0
18	98	 3	 12	1	782405	783623	7		0
18	88	 1	 11	1	819135	820648	6		0
18	95	 4	 12	1	836696	838651	7		0
18	69	 2	 12	1	855121	856314	7		0
18	22	 3	 11	1	862470	863962	6		0
18	23	 4	 12	1	870731	872055	7		0
18	25	 2	 12	1	883013	885223	7		0
18	55	 4	 11	1	900858	902158	6		0
18	72	 1	 11	1	908300	910296	6		0
18	58	 3	 11	1	916846	918839	6		0
18	27	 4	 11	1	932242	933926	6		0
18	19	 4	 12	1	970301	971897	7		0
18	71	 4	 12	1	977813	979000	7		0
18	40	 1	 12	1	993785	995355	7		0
18	64	 1	 12	1	1000917	1003260	7		0
18	56	 1	 11	1	1015337	1017272	6		0
18	53	 2	 12	1	1027571	1028952	7		0
18	48	 1	 11	1	1052983	1054315	6		0
18	50	 3	 12	1	1061698	1063144	7		0
18	38	 3	 12	1	1070787	1072090	7		0
18	76	 1	 12	1	1077561	1078923	7		0
18	92	 1	 12	1	1108227	1109337	7		0
18	91	 4	 11	1	1184607	1186082	6		0
18	47	 4	 11	1	1191797	1193227	6		0
18	65	 2	 12	1	1200272	1202371	7		0
18	6	 3	 11	1	1208482	1209962	6		0
18	15	 4	 11	1	1215279	1216546	6		0
18	21	 2	 11	1	1232513	1233704	6		0
18	54	 3	 12	1	1244095	1246680	7		0
18	49	 2	 12	1	1260094	1261251	7		0
18	29	 2	 11	1	1266752	1268202	6		0
18	57	 2	 12	1	1290831	1292456	7		0
18	97	 2	 12	1	1298034	1299083	7		0
18	18	 3	 11	1	1308145	1309594	6		0
18	52	 1	 11	1	1316289	1317675	6		0
18	78	 3	 12	1	1371905	1373227	7		0
18	24	 1	 12	1	1379140	1380920	7		0
18	42	 3	 12	1	1387375	1388633	7		0
18	62	 3	 11	1	1404770	1406649	6		0
18	51	 4	 11	1	1425822	1426708	6		0
19	4	 1	 1	1	468878	472536	6		0
19	1	 1	 1	1	487712	489556	7		0
19	3	 1	 1	1	496021	497161	6		0
19	5	 1	 1	1	509994	511634	7		0
19	2	 1	 1	1	517503	519284	7		0
19	36	 2	 11	1	642352	644357	7		0
19	52	 2	 11	1	669080	670992	6		0
19	51	 1	 11	1	677040	678380	6		0
19	42	 4	 12	1	686749	687878	7		0
19	38	 4	 12	1	693927	695564	7		0
19	65	 3	 12	1	703645	705461	7		0
19	53	 3	 12	1	712815	714454	7		0
19	19	 1	 12	1	720931	722504	6		0
19	45	 3	 12	1	733867	735109	7		0
19	11	 1	 11	1	740401	741445	6		0
19	48	 2	 11	1	761906	762949	6		0
19	49	 3	 12	1	770304	771448	7		0
19	23	 1	 12	1	784173	785320	7		0
19	56	 2	 11	1	791426	792885	6		0
19	58	 4	 11	1	800462	802165	6		0
19	59	 1	 11	1	809423	813968	6		0
19	78	 4	 12	1	825232	826740	7		0
19	47	 1	 11	1	833453	834453	6		0
19	97	 3	 12	1	841310	842175	7		0
19	12	 2	 12	1	851345	853462	7		0
19	62	 4	 11	1	867405	870000	6		0
19	92	 2	 12	1	896160	897012	7		0
19	21	 3	 11	1	910844	911909	6		0
19	69	 3	 12	1	923455	924721	7		0
19	15	 1	 11	1	929955	931284	6		0
19	95	 1	 12	1	953759	956000	7		0
19	25	 3	 12	1	1012091	1013270	7		0
19	98	 4	 12	1	1038184	1039174	7		0
19	94	 4	 12	1	1054162	1056629	7		0
19	64	 2	 12	1	1070706	1073749	7		0
19	76	 2	 12	1	1096750	1098097	7		0
19	22	 4	 11	1	1138285	1139461	6		0
19	18	 4	 11	1	1153613	1154834	6		0
19	72	 2	 11	1	1162894	1164745	7		0
19	50	 4	 12	1	1186096	1187351	7		0
19	54	 4	 12	1	1209792	1211220	7		0
19	6	 4	 11	1	1221743	1222855	6		0
19	24	 2	 12	1	1229677	1230855	7		0
19	55	 1	 11	1	1243004	1244023	6		0
19	32	 2	 12	1	1250223	1251174	7		0
19	71	 1	 12	1	1259454	1260406	7		0
19	27	 1	 11	1	1276271	1277266	6		0
19	29	 3	 11	1	1285776	1287510	6		0
19	88	 2	 11	1	1297389	1298454	6		0
19	9	 3	 12	1	1325789	1327928	7		0
19	43	 1	 12	1	1358703	1360106	7		0
19	35	 1	 12	1	1368992	1369894	7		0
19	91	 1	 11	1	1375837	1377014	6		0
19	57	 3	 12	1	1383087	1384088	7		0
19	40	 2	 12	1	1400125	1401674	7		0
20	1	 1	 1	1	3000132	3006546	7		0
20	4	 1	 1	1	3022577	3026022	6		0
20	2	 1	 1	1	3052472	3054598	7		0
20	3	 1	 1	1	3064081	3066734	6		0
20	5	 1	 1	1	3075514	3077296	7		0
20	98	 1	 12	1	3172691	3174407	7		0
20	71	 2	 12	1	3181303	3183963	7		0
20	76	 3	 12	1	3209557	3211340	7		0
20	32	 3	 12	1	3229450	3231151	7		0
20	65	 4	 12	1	3241251	3244294	7		0
20	12	 3	 12	1	3250918	3252842	7		0
20	45	 4	 12	1	3265809	3270046	7		0
20	59	 2	 11	1	3279287	3284842	6		0
20	53	 4	 12	1	3335778	3337996	7		0
20	69	 4	 12	1	3364578	3366108	7		0
20	94	 1	 12	1	3378132	3385751	6		0
20	78	 1	 12	1	3391782	3394379	7		0
20	95	 2	 12	1	3406743	3412283	7		0
20	35	 2	 12	1	3418258	3423932	7		0
20	88	 3	 11	1	3446533	3450828	6		0
20	38	 1	 12	1	3487314	3489819	7		0
20	40	 3	 12	1	3503251	3507084	7		0
20	55	 2	 11	1	3516389	3518811	6		0
20	54	 1	 12	1	3524837	3527869	7		0
20	25	 4	 12	1	3549107	3553165	7		0
20	56	 3	 11	1	3561154	3565100	6		0
20	23	 2	 12	1	3573249	3574839	7		0
20	11	 2	 11	1	3589558	3592059	6		0
20	19	 2	 12	1	3601810	3605363	6		0
20	48	 3	 11	1	3613714	3615436	6		0
20	21	 4	 11	1	3621685	3623837	6		0
20	92	 3	 12	1	3638435	3641452	7		0
20	91	 2	 11	1	3647333	3652076	6		0
20	22	 1	 11	1	3660886	3669468	6		0
20	15	 2	 11	1	3682885	3684368	6		0
20	18	 1	 11	1	3706482	3716111	7		0
20	24	 3	 12	1	3734228	3735821	7		0
20	51	 2	 11	1	3753414	3756013	6		0
20	36	 3	 11	1	3780579	3782408	7		0
20	64	 3	 12	1	3795286	3799804	7		0
20	58	 1	 11	1	3898644	3901982	6		0
20	6	 1	 11	1	3916537	3919285	6		0
20	62	 1	 11	1	3927637	3933225	6		0
20	42	 1	 12	1	3958102	3959490	7		0
20	9	 4	 12	1	3982421	3985821	6		0
20	57	 4	 12	1	4000812	4002905	7		0
20	52	 3	 11	1	4014390	4017730	7		0
20	43	 2	 12	1	4031484	4033526	7		0
20	97	 4	 12	1	4053591	4055001	7		0
20	72	 3	 11	1	4062759	4065753	6		0
20	27	 2	 11	1	4081235	4083668	6		0
20	47	 2	 11	1	4109590	4112681	6		0
20	50	 1	 12	1	4126536	4128265	7		0
20	49	 4	 12	1	4134951	4136298	7		0
20	29	 4	 11	1	4143033	4146670	6		0
21	2	 1	 1	1	1262286	1264745	7		0
21	5	 1	 1	1	1276244	1283017	7		0
21	3	 1	 1	1	1313055	1315491	6		0
21	4	 1	 1	1	1325698	1329174	6		0
21	1	 1	 1	1	1361495	1364110	7		0
21	12	 4	 12	1	1523851	1525950	7		0
21	29	 1	 11	1	1533572	1538289	6		0
21	72	 4	 11	1	1550324	1554438	7		0
21	78	 2	 12	1	1564913	1566915	7		0
21	53	 1	 12	1	1622245	1625803	7		0
21	54	 2	 12	1	1645475	1648266	7		0
21	18	 2	 11	1	1657819	1668222	7		0
21	45	 1	 12	1	1687285	1690023	7		0
21	71	 3	 12	1	1710449	1712546	7		0
21	27	 3	 11	1	1732679	1737530	6		0
21	98	 2	 12	1	1759174	1761098	7		0
21	32	 4	 12	1	1783394	1784902	7		0
21	97	 1	 12	1	1796004	1798426	7		0
21	9	 1	 12	1	1808343	1812890	7		0
21	59	 3	 11	1	1823170	1828426	6		0
21	62	 2	 11	1	1904116	1915082	6		0
21	15	 3	 11	1	1944499	1948283	6		0
21	88	 4	 11	1	1960178	1962310	6		0
21	64	 4	 12	1	1971841	1978874	7		0
21	94	 2	 12	1	1997028	1999783	7		0
21	36	 4	 11	1	2008708	2012335	7		0
21	91	 3	 11	1	2020436	2025144	6		0
21	56	 4	 11	1	2143762	2146443	6		0
21	47	 3	 11	1	2155030	2157628	6		0
21	49	 1	 12	1	2175655	2177498	7		0
21	35	 3	 12	1	2193397	2202714	7		0
21	58	 2	 11	1	2219643	2222675	6		0
21	38	 2	 12	1	2233048	2237798	7		0
21	69	 1	 12	1	2270431	2272819	7		0
21	50	 2	 12	1	2280882	2283783	7		0
21	25	 1	 12	1	2310085	2312119	7		0
21	40	 4	 12	1	2327283	2330007	7		0
21	76	 4	 12	1	2342767	2345715	7		0
21	23	 3	 12	1	2373905	2375595	7		0
21	42	 2	 12	1	2384850	2387019	7		0
21	51	 3	 11	1	2398048	2400289	6		0
21	95	 3	 12	1	2442639	2446703	7		0
21	65	 1	 12	1	2461924	2476471	7		0
21	55	 3	 11	1	2496674	2499583	6		0
21	52	 4	 11	1	2508577	2510063	6		0
21	19	 3	 12	1	2521554	2524371	7		0
21	92	 4	 12	1	2533664	2535495	7		0
21	57	 1	 12	1	2564355	2566215	7		0
21	48	 4	 11	1	2572929	2579675	6		0
21	11	 3	 11	1	2604085	2608026	6		0
21	6	 2	 11	1	2624679	2629210	6		0
21	43	 3	 12	1	2646851	2650026	7		0
21	22	 2	 11	1	2671955	2674391	6		0
21	21	 1	 11	1	2681269	2684027	6		0
21	24	 4	 12	1	2700146	2702219	7		0
22	2	 1	 1	1	5138248	5143624	7		0
22	3	 1	 1	1	5179804	5184244	6		0
22	5	 1	 1	1	5200618	5202719	7		0
22	1	 1	 1	1	5214510	5216412	7		0
22	4	 1	 1	1	5243163	5244640	6		0
22	56	 1	 11	1	5477599	5479233	6		0
22	24	 1	 12	1	5486061	5487712	7		0
22	11	 4	 11	1	5495260	5496740	6		0
22	52	 1	 11	1	5504154	5505812	6		0
22	22	 3	 11	1	5512381	5513587	6		0
22	49	 2	 12	1	5526125	5527266	7		0
22	27	 4	 11	1	5539406	5540448	6		0
22	36	 1	 11	1	5550796	5552224	7		0
22	32	 1	 12	1	5566668	5567665	7		0
22	18	 3	 11	1	5578912	5580485	6		0
22	47	 4	 11	1	5602732	5604035	6		0
22	58	 3	 11	1	5618015	5618851	6		0
22	71	 4	 12	1	5626445	5628152	7		0
22	59	 4	 11	1	5634031	5637784	6		0
22	65	 2	 12	1	5654993	5659261	7		0
22	98	 3	 12	1	5665086	5666521	7		0
22	88	 1	 11	1	5673836	5674947	6		0
22	42	 3	 12	1	5682221	5683379	7		0
22	97	 2	 12	1	5712463	5714275	7		0
22	23	 4	 12	1	5721614	5723585	7		0
22	72	 1	 11	1	5729067	5732644	6		0
22	57	 2	 12	1	5751645	5753316	7		0
22	76	 1	 12	1	5770590	5774081	7		0
22	40	 1	 12	1	5780041	5782237	7		0
22	45	 2	 12	1	5801823	5803507	7		0
22	94	 3	 12	1	5816141	5820979	7		0
22	9	 2	 12	1	5830543	5833745	7		0
22	95	 4	 12	1	5951436	5953299	7		0
22	92	 1	 12	1	5972737	5973845	7		0
22	78	 3	 12	1	5985277	5986577	7		0
22	64	 1	 12	1	6016493	6020234	6		0
22	6	 3	 11	1	6040621	6045300	6		0
22	38	 3	 12	1	6053358	6055284	7		0
22	12	 1	 12	1	6061581	6063778	7		0
22	69	 2	 12	1	6078525	6079810	7		0
22	55	 4	 11	1	6087999	6089650	6		0
22	48	 1	 11	1	6103697	6104934	6		0
22	35	 4	 12	1	6124986	6126954	7		0
22	25	 2	 12	1	6144414	6147748	7		0
22	43	 4	 12	1	6169950	6173366	7		0
22	62	 3	 11	1	6181134	6184068	6		0
22	91	 4	 11	1	6199659	6201254	6		0
22	21	 2	 11	1	6245278	6246137	6		0
22	19	 4	 12	1	6253871	6255520	7		0
22	53	 2	 12	1	6260987	6265254	7		0
22	29	 2	 11	1	6288171	6289546	6		0
22	54	 3	 12	1	6302508	6303546	7		0
22	15	 4	 11	1	6314379	6318308	6		0
22	51	 4	 11	1	6328368	6329481	6		0
22	50	 3	 12	1	6344991	6346196	7		0
23	2	 1	 1	1	3985830	3990078	7		0
23	4	 1	 1	1	4005124	4007846	6		0
23	5	 1	 1	1	4044810	4048046	7		0
23	1	 1	 1	1	4093002	4095646	7		0
23	3	 1	 1	1	4116152	4118915	6		0
23	52	 1	 11	1	4442276	4449735	6		0
23	55	 4	 11	1	4465508	4467687	6		0
23	92	 1	 12	1	4474312	4476874	7		0
23	25	 2	 12	1	4485526	4490011	7		0
23	27	 4	 11	1	4525269	4528333	6		0
23	19	 4	 12	1	4535737	4539275	7		0
23	48	 1	 11	1	4550999	4559099	6		0
23	49	 2	 12	1	4582885	4585270	7		0
23	94	 3	 12	1	4618357	4626351	7		0
23	43	 4	 12	1	4634522	4636799	7		0
23	21	 2	 11	1	4663685	4665595	6		0
23	64	 1	 12	1	4726037	4732087	7		0
23	91	 4	 11	1	4750916	4755471	6		0
23	88	 1	 11	1	4768695	4770651	6		0
23	97	 2	 12	1	4782536	4784606	7		0
23	95	 4	 12	1	4796198	4798783	7		0
23	22	 3	 11	1	4807336	4816211	7		0
23	72	 1	 11	1	4876437	4882531	7		0
23	54	 3	 12	1	4907161	4909839	7		0
23	42	 3	 12	1	4927496	4929231	7		0
23	53	 2	 12	1	4963018	4968427	7		0
23	62	 3	 11	1	4991062	5008107	6		0
23	56	 1	 11	1	5024520	5027885	6		0
23	51	 4	 11	1	5034891	5036391	6		0
23	47	 4	 11	1	5044487	5046899	6		0
23	50	 3	 12	1	5068184	5070398	7		0
23	29	 2	 11	1	5083254	5085947	6		0
23	36	 1	 11	1	5093813	5100206	7		0
23	6	 3	 11	1	5113304	5119783	6		0
23	11	 4	 11	1	5129591	5132254	6		0
23	35	 4	 12	1	5145510	5147463	7		0
23	58	 3	 11	1	5166436	5170352	6		0
23	38	 3	 12	1	5178169	5179999	7		0
23	18	 3	 11	1	5192728	5195871	6		0
23	69	 2	 12	1	5205078	5206495	7		0
23	65	 2	 12	1	5225527	5231212	7		0
23	12	 1	 12	1	5242873	5244427	7		0
23	15	 4	 11	1	5257911	5260203	6		0
23	71	 4	 12	1	5269701	5271639	7		0
23	32	 1	 12	1	5277366	5280783	7		0
23	76	 1	 12	1	5296420	5298607	7		0
23	98	 3	 12	1	5309527	5312171	7		0
23	23	 4	 12	1	5320516	5321815	7		0
23	9	 2	 12	1	5341456	5344996	7		0
23	78	 3	 12	1	5360149	5361767	7		0
23	24	 1	 12	1	5368751	5380227	6		0
23	40	 1	 12	1	5388663	5391419	7		0
23	59	 4	 11	1	5398805	5402639	6		0
23	45	 2	 12	1	5412938	5419279	7		0
23	57	 2	 12	1	5425286	5427484	7		0
24	5	 1	 1	1	468236	475869	6		0
24	1	 1	 1	1	491057	493430	7		0
24	2	 1	 1	1	503402	504910	7		0
24	4	 1	 1	1	518261	522634	6		0
24	3	 1	 1	1	589158	594394	6		0
24	6	 4	 11	1	844656	849251	6		0
24	23	 1	 12	1	899425	902422	7		0
24	42	 4	 12	1	911659	913047	7		0
24	49	 3	 12	1	935813	940746	7		0
24	62	 4	 11	1	956132	958724	6		0
24	94	 4	 12	1	968560	970772	7		0
24	69	 3	 12	1	994918	996299	7		0
24	59	 1	 11	1	1011522	1014855	6		0
24	32	 2	 12	1	1022774	1025563	6		0
24	65	 3	 12	1	1050751	1054484	7		0
24	15	 1	 11	1	1080917	1084534	7		0
24	35	 1	 12	1	1094351	1097459	6		0
24	50	 4	 12	1	1153293	1155007	7		0
24	55	 1	 11	1	1167776	1169716	6		0
24	51	 1	 11	1	1178394	1179694	6		0
24	78	 4	 12	1	1188655	1192899	6		0
24	47	 1	 11	1	1210309	1214678	6		0
24	56	 2	 11	1	1233820	1235758	6		0
24	72	 2	 11	1	1256597	1260023	6		0
24	88	 2	 11	1	1282528	1284003	6		0
24	45	 3	 12	1	1480686	1485423	6		0
24	36	 2	 11	1	1497695	1501015	6		0
24	54	 4	 12	1	1511456	1515951	7		0
24	11	 1	 11	1	1533920	1535727	6		0
24	9	 3	 12	1	1559197	1561893	7		0
24	40	 2	 12	1	1570495	1575823	7		0
24	22	 4	 11	1	1610270	1614312	6		0
24	24	 2	 12	1	1631211	1632815	7		0
24	92	 2	 12	1	1641323	1642720	7		0
24	91	 1	 11	1	1653678	1655527	6		0
24	27	 1	 11	1	1665597	1667216	6		0
24	76	 2	 12	1	1681644	1683615	7		0
24	95	 1	 12	1	1691789	1697222	7		0
24	98	 4	 12	1	1705307	1714039	6		0
24	53	 3	 12	1	1721281	1723895	7		0
24	64	 2	 12	1	1731018	1736869	7		0
24	38	 4	 12	1	1745360	1754135	6		0
24	58	 4	 11	1	1765417	1767115	6		0
24	52	 2	 11	1	1777052	1779360	6		0
24	21	 3	 11	1	1786397	1789813	6		0
24	97	 3	 12	1	1808301	1809446	7		0
24	19	 1	 12	1	1842961	1845364	7		0
24	71	 1	 12	1	1897424	1901677	6		0
24	43	 1	 12	1	1912794	1918294	7		0
24	29	 3	 11	1	1937517	1941168	6		0
24	12	 2	 12	1	1956368	1958153	7		0
24	25	 3	 12	1	1967710	1971665	7		0
24	48	 2	 11	1	1979230	1981049	6		0
24	57	 3	 12	1	1991072	1994102	7		0
24	18	 4	 11	1	2011501	2013616	6		0
25	3	 1	 1	1	318806	324841	6		0
25	2	 1	 1	1	340444	344797	7		0
25	5	 1	 1	1	360008	369878	6		0
25	1	 1	 1	1	430218	433001	7		0
25	4	 1	 1	1	457543	460420	6		0
25	78	 1	 12	1	643586	648682	7		0
25	25	 4	 12	1	662302	668289	7		0
25	94	 1	 12	1	714375	720505	7		0
25	18	 1	 11	1	735424	742437	6		0
25	38	 1	 12	1	772304	777942	7		0
25	15	 2	 11	1	792105	796741	6		0
25	97	 4	 12	1	856505	859453	7		0
25	40	 3	 12	1	875648	878857	7		0
25	32	 3	 12	1	893518	895701	7		0
25	21	 4	 11	1	959687	963080	6		0
25	43	 2	 12	1	1080197	1085833	7		0
25	49	 4	 12	1	1119068	1121725	7		0
25	56	 3	 11	1	1138319	1144506	6		0
25	45	 4	 12	1	1185433	1193853	6		0
25	88	 3	 11	1	1227003	1229445	6		0
25	72	 3	 11	1	1286029	1290553	6		0
25	19	 2	 12	1	1305481	1309624	7		0
25	98	 1	 12	1	1347952	1350021	7		0
25	36	 3	 11	1	1368353	1372677	7		0
25	91	 2	 11	1	1386605	1390689	6		0
25	95	 2	 12	1	1404277	1407754	7		0
25	76	 3	 12	1	1427469	1431874	7		0
25	54	 1	 12	1	1445155	1447302	7		0
25	12	 3	 12	1	1476272	1479189	7		0
25	23	 2	 12	1	1515936	1517895	7		0
25	59	 2	 11	1	1612192	1615610	6		0
25	48	 3	 11	1	1638686	1643207	6		0
25	9	 4	 12	1	1672202	1676598	6		0
25	22	 1	 11	1	1721214	1724114	6		0
25	64	 3	 12	1	1784494	1791525	6		0
25	62	 1	 11	1	1823873	1833318	6		0
25	6	 1	 11	1	1845935	1849522	6		0
25	92	 3	 12	1	1861999	1863930	7		0
25	24	 3	 12	1	1890273	1892818	7		0
25	42	 1	 12	1	1917167	1920019	7		0
25	52	 3	 11	1	1940128	1943559	6		0
25	69	 4	 12	1	1958589	1961534	7		0
25	29	 4	 11	1	1975246	1988936	7		0
25	65	 4	 12	1	2007266	2011892	7		0
25	51	 2	 11	1	2024867	2027225	6		0
25	58	 1	 11	1	2053138	2056264	6		0
25	50	 1	 12	1	2068016	2070528	7		0
25	53	 4	 12	1	2108190	2110809	7		0
25	27	 2	 11	1	2160818	2163925	6		0
25	55	 2	 11	1	2202941	2205409	6		0
25	11	 2	 11	1	2217487	2221001	6		0
25	57	 4	 12	1	2246610	2249477	7		0
25	47	 2	 11	1	2262339	2265704	6		0
25	71	 2	 12	1	2299889	2301976	7		0
25	35	 2	 12	1	2320159	2324585	7		0
26	2	 1	 1	1	391921	397334	6		0
26	4	 1	 1	1	436435	442261	6		0
26	5	 1	 1	1	484118	488010	7		0
26	1	 1	 1	1	497855	504818	7		0
26	3	 1	 1	1	519906	524184	6		0
26	57	 1	 12	1	752051	757145	7		0
26	65	 1	 12	1	770033	775365	7		0
26	43	 3	 12	1	800032	804792	7		0
26	11	 3	 11	1	815635	820451	7		0
26	32	 4	 12	1	832913	835974	7		0
26	22	 2	 11	1	844564	848324	6		0
26	29	 1	 11	1	857587	865678	7		0
26	64	 4	 12	1	900965	914457	6		0
26	55	 3	 11	1	957657	961453	6		0
26	9	 1	 12	1	975436	982009	7		0
26	91	 3	 11	1	996707	1002289	6		0
26	56	 4	 11	1	1017643	1021215	6		0
26	59	 3	 11	1	1042125	1048513	7		0
26	27	 3	 11	1	1071920	1075465	6		0
26	18	 2	 11	1	1121465	1126605	7		0
26	69	 1	 12	1	1143635	1147173	7		0
26	88	 4	 11	1	1190404	1193001	6		0
26	36	 4	 11	1	1220899	1226921	7		0
26	48	 4	 11	1	1436423	1439265	6		0
26	25	 1	 12	1	1450244	1454265	7		0
26	42	 2	 12	1	1468775	1471612	7		0
26	38	 2	 12	1	1517782	1521917	7		0
26	54	 2	 12	1	1535040	1537636	7		0
26	49	 1	 12	1	1644324	1647194	7		0
26	6	 2	 11	1	1658960	1664196	6		0
26	62	 2	 11	1	1677455	1683008	6		0
26	40	 4	 12	1	1710021	1714324	7		0
26	53	 1	 12	1	1721459	1724533	7		0
26	45	 1	 12	1	1736997	1740269	7		0
26	21	 1	 11	1	1758948	1763553	6		0
26	76	 4	 12	1	1788513	1793032	7		0
26	52	 4	 11	1	1806113	1809733	6		0
26	35	 3	 12	1	1822260	1827785	7		0
26	92	 4	 12	1	1858112	1860770	7		0
26	12	 4	 12	1	1894854	1899018	7		0
26	47	 3	 11	1	1929250	1932679	6		0
26	58	 2	 11	1	1987968	1992250	6		0
26	98	 2	 12	1	2035759	2038771	7		0
26	78	 2	 12	1	2050655	2053411	7		0
26	71	 3	 12	1	2098688	2100947	7		0
26	15	 3	 11	1	2146900	2150074	6		0
26	23	 3	 12	1	2175911	2178687	7		0
26	94	 2	 12	1	2187329	2194714	7		0
26	50	 2	 12	1	2215572	2219466	7		0
26	19	 3	 12	1	2230849	2235347	7		0
26	24	 4	 12	1	2251300	2256027	7		0
26	72	 4	 11	1	2269656	2277516	6		0
26	95	 3	 12	1	2289415	2292843	7		0
26	97	 1	 12	1	2301713	2306459	7		0
26	51	 3	 11	1	2334886	2338135	6		0
27	2	 1	 1	1	577273	582648	7		0
27	3	 1	 1	1	592670	596711	6		0
27	4	 1	 1	1	606923	610260	6		0
27	1	 1	 1	1	631097	638852	7		0
27	5	 1	 1	1	663435	667236	6		0
27	22	 3	 11	1	938929	941222	6		0
27	35	 4	 12	1	949841	953384	7		0
27	54	 3	 12	1	968943	973652	7		0
27	64	 1	 12	1	980144	986132	7		0
27	95	 4	 12	1	1017970	1022005	7		0
27	97	 2	 12	1	1035833	1038080	7		0
27	69	 2	 12	1	1055899	1059317	7		0
27	25	 2	 12	1	1077674	1083164	7		0
27	45	 2	 12	1	1090356	1095912	7		0
27	15	 4	 11	1	1106773	1109176	6		0
27	55	 4	 11	1	1122383	1125440	6		0
27	48	 1	 11	1	1135853	1140088	6		0
27	58	 3	 11	1	1171229	1174917	6		0
27	57	 2	 12	1	1190650	1194268	7		0
27	9	 2	 12	1	1202403	1205172	6		0
27	76	 1	 12	1	1224250	1227173	7		0
27	11	 4	 11	1	1233869	1238864	6		0
27	24	 1	 12	1	1246418	1249432	7		0
27	52	 1	 11	1	1255520	1257333	6		0
27	19	 4	 12	1	1264977	1268649	7		0
27	62	 3	 11	1	1281547	1283853	6		0
27	49	 2	 12	1	1290306	1292596	7		0
27	72	 1	 11	1	1306015	1308581	6		0
27	51	 4	 11	1	1323424	1326484	6		0
27	36	 1	 11	1	1345394	1348468	7		0
27	47	 4	 11	1	1365324	1367894	6		0
27	38	 3	 12	1	1384203	1389093	7		0
27	23	 4	 12	1	1395526	1399273	7		0
27	50	 3	 12	1	1407536	1410085	7		0
27	43	 4	 12	1	1423423	1426423	7		0
27	27	 4	 11	1	1451148	1453509	6		0
27	88	 1	 11	1	1467439	1471566	6		0
27	21	 2	 11	1	1489374	1492636	6		0
27	40	 1	 12	1	1498432	1501785	6		0
27	56	 1	 11	1	1508573	1511021	6		0
27	78	 3	 12	1	1517852	1522745	7		0
27	91	 4	 11	1	1530724	1532821	6		0
27	42	 3	 12	1	1543679	1546085	7		0
27	94	 3	 12	1	1562086	1565894	6		0
27	98	 3	 12	1	1592078	1595937	7		0
27	65	 2	 12	1	1619598	1622833	6		0
27	92	 1	 12	1	1629419	1631425	7		0
27	53	 2	 12	1	1638205	1640553	7		0
27	12	 1	 12	1	1646765	1649225	7		0
27	59	 4	 11	1	1658114	1660929	6		0
27	29	 2	 11	1	1667997	1672925	6		0
27	6	 3	 11	1	1717020	1718637	6		0
27	18	 3	 11	1	1743058	1745078	6		0
27	32	 1	 12	1	1751950	1754394	7		0
27	71	 4	 12	1	1797010	1800870	7		0
28	2	 1	 1	1	2369203	2374042	6		0
28	4	 1	 1	1	2406688	2410574	7		0
28	3	 1	 1	1	2440653	2443415	6		0
28	5	 1	 1	1	2473710	2477318	7		0
28	1	 1	 1	1	2486304	2491800	6		0
28	22	 4	 11	1	2820487	2824170	6		0
28	71	 1	 12	1	2834818	2840106	7		0
28	43	 1	 12	1	2852482	2858282	6		0
28	18	 4	 11	1	2879345	2882423	6		0
28	52	 2	 11	1	2893441	2896550	6		0
28	11	 1	 11	1	2906960	2914675	6		0
28	59	 1	 11	1	2962046	2967655	6		0
28	23	 1	 12	1	2992099	2995439	7		0
28	98	 4	 12	1	3004257	3007645	7		0
28	38	 4	 12	1	3043440	3046580	7		0
28	42	 4	 12	1	3056709	3060296	7		0
28	51	 1	 11	1	3095656	3098315	6		0
28	47	 1	 11	1	3152367	3157240	7		0
28	24	 2	 12	1	3180241	3184377	7		0
28	55	 1	 11	1	3198769	3201704	6		0
28	40	 2	 12	1	3211406	3217104	7		0
28	91	 1	 11	1	3243983	3246792	6		0
28	50	 4	 12	1	3296414	3299479	7		0
28	97	 3	 12	1	3319039	3321464	7		0
28	32	 2	 12	1	3333151	3335267	7		0
28	54	 4	 12	1	3348399	3351016	7		0
28	65	 3	 12	1	3365647	3375700	7		0
28	56	 2	 11	1	3386441	3389611	6		0
28	78	 4	 12	1	3397762	3401243	7		0
28	92	 2	 12	1	3413665	3415817	7		0
28	58	 4	 11	1	3426958	3431076	6		0
28	95	 1	 12	1	3457763	3460780	7		0
28	48	 2	 11	1	3468912	3472428	6		0
28	45	 3	 12	1	3480113	3483833	7		0
28	49	 3	 12	1	3492070	3494676	7		0
28	12	 2	 12	1	3501538	3504755	7		0
28	21	 3	 11	1	3512770	3519700	7		0
28	76	 2	 12	1	3532722	3536836	7		0
28	19	 1	 12	1	3600563	3603720	7		0
28	69	 3	 12	1	3616272	3620724	7		0
28	64	 2	 12	1	3638353	3643131	7		0
28	94	 4	 12	1	3653072	3656148	7		0
28	25	 3	 12	1	3703090	3705524	7		0
28	27	 1	 11	1	3712707	3717064	6		0
28	62	 4	 11	1	3726606	3730920	6		0
28	15	 1	 11	1	3764578	3767432	6		0
28	57	 3	 12	1	3775070	3780233	7		0
28	29	 3	 11	1	3794355	3797593	7		0
28	72	 2	 11	1	3820913	3824460	6		0
28	53	 3	 12	1	3853688	3856811	7		0
28	88	 2	 11	1	3885646	3888480	6		0
28	6	 4	 11	1	3901219	3904664	6		0
28	35	 1	 12	1	3913169	3918020	6		0
28	36	 2	 11	1	3935236	3938601	7		0
28	9	 3	 12	1	3951135	3954632	6		0
29	4	 1	 1	1	392229	396588	6		0
29	5	 1	 1	1	423758	425693	7		0
29	2	 1	 1	1	512738	516427	7		0
29	3	 1	 1	1	531849	534299	6		0
29	1	 1	 1	1	553289	555652	7		0
29	40	 3	 12	1	674163	676188	7		0
29	64	 3	 12	1	682705	686637	7		0
29	51	 2	 11	1	694899	696454	6		0
29	50	 1	 12	1	709611	711608	7		0
29	53	 4	 12	1	730038	731821	7		0
29	58	 1	 11	1	750727	753217	6		0
29	15	 2	 11	1	759475	761240	6		0
29	48	 3	 11	1	778023	779596	6		0
29	94	 1	 12	1	786885	790536	7		0
29	95	 2	 12	1	808724	810855	7		0
29	97	 4	 12	1	817612	818863	7		0
29	19	 2	 12	1	825219	827520	7		0
29	24	 3	 12	1	833884	835536	7		0
29	29	 4	 11	1	841504	843684	6		0
29	6	 1	 11	1	866180	868121	6		0
29	49	 4	 12	1	891623	893099	7		0
29	69	 4	 12	1	919227	920575	7		0
29	56	 3	 11	1	928273	930547	6		0
29	23	 2	 12	1	942110	943919	7		0
29	65	 4	 12	1	952741	955384	7		0
29	47	 2	 11	1	1103470	1104788	6		0
29	35	 2	 12	1	1116823	1118799	7		0
29	12	 3	 12	1	1125420	1127439	7		0
29	25	 4	 12	1	1134669	1136671	7		0
29	98	 1	 12	1	1169318	1171709	7		0
29	92	 3	 12	1	1177809	1179252	7		0
29	36	 3	 11	1	1195190	1197341	7		0
29	55	 2	 11	1	1206935	1208464	6		0
29	38	 1	 12	1	1244986	1247870	7		0
29	43	 2	 12	1	1254278	1256172	7		0
29	11	 2	 11	1	1273366	1274800	6		0
29	72	 3	 11	1	1294693	1297000	6		0
29	88	 3	 11	1	1323476	1326301	6		0
29	42	 1	 12	1	1347700	1349248	7		0
29	9	 4	 12	1	1356326	1358752	7		0
29	32	 3	 12	1	1379288	1380429	7		0
29	18	 1	 11	1	1387545	1389276	6		0
29	62	 1	 11	1	1396247	1399081	6		0
29	21	 4	 11	1	1407062	1408393	6		0
29	71	 2	 12	1	1417605	1419134	7		0
29	22	 1	 11	1	1428503	1430440	6		0
29	76	 3	 12	1	1444587	1445984	7		0
29	52	 3	 11	1	1460571	1462093	6		0
29	91	 2	 11	1	1486872	1488542	6		0
29	27	 2	 11	1	1495192	1496783	6		0
29	54	 1	 12	1	1508149	1509689	7		0
29	57	 4	 12	1	1539465	1541949	7		0
29	78	 1	 12	1	1548992	1550881	7		0
29	59	 2	 11	1	1558054	1560313	6		0
29	45	 4	 12	1	1566794	1568879	7		0
30	4	 1	 1	1	269478	273050	6		0
30	3	 1	 1	1	305320	307642	6		0
30	5	 1	 1	1	366322	368710	7		0
30	1	 1	 1	1	375921	379205	7		0
30	2	 1	 1	1	390032	395129	7		0
30	22	 2	 11	1	491464	495255	6		0
30	15	 3	 11	1	504610	507703	6		0
30	92	 4	 12	1	524716	527678	7		0
30	49	 1	 12	1	544974	548642	7		0
30	88	 4	 11	1	565490	567847	6		0
30	57	 1	 12	1	588742	592343	7		0
30	65	 1	 12	1	627016	630639	7		0
30	36	 4	 11	1	667616	674167	7		0
30	29	 1	 11	1	691601	694787	6		0
30	50	 2	 12	1	705438	708322	7		0
30	42	 2	 12	1	737533	739594	7		0
30	27	 3	 11	1	750765	755486	6		0
30	35	 3	 12	1	787472	790654	7		0
30	24	 4	 12	1	799971	802375	7		0
30	25	 1	 12	1	819999	824950	7		0
30	78	 2	 12	1	836726	839209	7		0
30	71	 3	 12	1	853665	855529	7		0
30	9	 1	 12	1	891042	895127	7		0
30	11	 3	 11	1	964291	966870	6		0
30	91	 3	 11	1	977972	981062	6		0
30	69	 1	 12	1	1008146	1010585	7		0
30	76	 4	 12	1	1101400	1104699	7		0
30	55	 3	 11	1	1119541	1121990	6		0
30	64	 4	 12	1	1131182	1135720	6		0
30	98	 2	 12	1	1186836	1190135	7		0
30	53	 1	 12	1	1247887	1251394	7		0
30	38	 2	 12	1	1366351	1370403	7		0
30	58	 2	 11	1	1396000	1398835	6		0
30	23	 3	 12	1	1415022	1417219	7		0
30	21	 1	 11	1	1490869	1493552	6		0
30	18	 2	 11	1	1513823	1519591	6		0
30	48	 4	 11	1	1532164	1535193	6		0
30	51	 3	 11	1	1553696	1557721	6		0
30	19	 3	 12	1	1568511	1572259	7		0
30	72	 4	 11	1	1595136	1598697	6		0
30	97	 1	 12	1	1702402	1704744	7		0
30	12	 4	 12	1	1713302	1716392	7		0
30	43	 3	 12	1	1741332	1744170	7		0
30	54	 2	 12	1	1778473	1780620	7		0
30	40	 4	 12	1	1800096	1802736	7		0
30	56	 4	 11	1	1831633	1834788	6		0
30	52	 4	 11	1	1873347	1875749	6		0
30	62	 2	 11	1	1886312	1891084	6		0
30	32	 4	 12	1	1917801	1919293	7		0
30	6	 2	 11	1	1931603	1936244	7		0
30	45	 1	 12	1	1973313	1976506	7		0
30	59	 3	 11	1	1992081	1996730	6		0
30	94	 2	 12	1	2007331	2011513	7		0
30	95	 3	 12	1	2033441	2037093	7		0
30	47	 3	 11	1	2052385	2054913	6		0
31	4	 1	 1	1	278126	282258	6		0
31	5	 1	 1	1	333324	337863	6		0
31	2	 1	 1	1	349683	352623	7		0
31	3	 1	 1	1	386394	389661	6		0
31	1	 1	 1	1	423966	428176	7		0
31	71	 4	 12	1	684221	686627	6		0
31	25	 2	 12	1	759883	765059	7		0
31	69	 2	 12	1	782446	785296	7		0
31	88	 1	 11	1	795225	798548	6		0
31	23	 4	 12	1	809262	810995	7		0
31	48	 1	 11	1	818380	821107	6		0
31	59	 4	 11	1	832863	837872	6		0
31	36	 1	 11	1	963470	965908	7		0
31	57	 2	 12	1	984294	986617	7		0
31	78	 3	 12	1	999053	1001379	7		0
31	98	 3	 12	1	1063239	1065353	7		0
31	62	 3	 11	1	1076891	1086275	6		0
31	15	 4	 11	1	1246436	1248581	6		0
31	45	 2	 12	1	1257051	1261877	6		0
31	76	 1	 12	1	1311811	1314021	7		0
31	6	 3	 11	1	1322797	1324771	6		0
31	29	 2	 11	1	1334464	1338533	6		0
31	49	 2	 12	1	1372845	1375705	7		0
31	19	 4	 12	1	1459531	1463230	7		0
31	52	 1	 11	1	1482557	1485725	6		0
31	18	 3	 11	1	1496768	1499352	6		0
31	58	 3	 11	1	1523421	1526390	6		0
31	40	 1	 12	1	1549309	1552261	7		0
31	72	 1	 11	1	1567311	1569541	6		0
31	92	 1	 12	1	1585583	1588251	7		0
31	42	 3	 12	1	1609040	1611332	7		0
31	65	 2	 12	1	1630432	1634038	7		0
31	54	 3	 12	1	1650037	1654632	7		0
31	38	 3	 12	1	1706941	1709904	7		0
31	91	 4	 11	1	1733101	1736294	6		0
31	50	 3	 12	1	1773411	1775335	7		0
31	55	 4	 11	1	1813395	1815624	6		0
31	97	 2	 12	1	1823649	1825797	7		0
31	64	 1	 12	1	1834081	1841862	6		0
31	22	 3	 11	1	1856050	1859110	6		0
31	27	 4	 11	1	1882574	1885544	6		0
31	51	 4	 11	1	1901299	1903847	6		0
31	95	 4	 12	1	1924400	1929030	7		0
31	11	 4	 11	1	1938046	1940022	6		0
31	32	 1	 12	1	1948525	1950645	7		0
31	47	 4	 11	1	1964330	1966456	6		0
31	24	 1	 12	1	1988269	1990391	7		0
31	94	 3	 12	1	2001695	2014657	7		0
31	35	 4	 12	1	2119087	2122647	7		0
31	43	 4	 12	1	2143886	2147217	7		0
31	56	 1	 11	1	2187138	2190089	6		0
31	9	 2	 12	1	2208947	2215065	7		0
31	53	 2	 12	1	2228369	2231813	7		0
31	12	 1	 12	1	2245183	2249781	7		0
31	21	 2	 11	1	2275154	2277381	6		0
32	2	 1	 1	1	461175	463853	7		0
32	5	 1	 1	1	473541	475525	7		0
32	3	 1	 1	1	503769	505821	6		0
32	1	 1	 1	1	512123	513938	7		0
32	4	 1	 1	1	520909	524241	6		0
32	98	 4	 12	1	642254	644021	7		0
32	92	 2	 12	1	652534	654290	7		0
32	6	 4	 11	1	661386	663554	6		0
32	94	 4	 12	1	712735	714946	7		0
32	97	 3	 12	1	725995	727902	7		0
32	58	 4	 11	1	750943	753028	6		0
32	50	 4	 12	1	760603	762705	7		0
32	32	 2	 12	1	785156	786518	7		0
32	76	 2	 12	1	792925	795535	7		0
32	71	 1	 12	1	809546	810786	7		0
32	47	 1	 11	1	836540	838258	6		0
32	64	 2	 12	1	862989	866291	6		0
32	19	 1	 12	1	873838	876562	7		0
32	57	 3	 12	1	890437	892338	7		0
32	62	 4	 11	1	903114	905362	6		0
32	52	 2	 11	1	917156	919125	6		0
32	65	 3	 12	1	933490	936614	7		0
32	43	 1	 12	1	952109	954674	7		0
32	12	 2	 12	1	960093	961522	7		0
32	23	 1	 12	1	974493	975985	7		0
32	91	 1	 11	1	1065670	1068651	6		0
32	45	 3	 12	1	1097117	1099938	7		0
32	40	 2	 12	1	1104797	1108033	7		0
32	9	 3	 12	1	1118074	1120578	6		0
32	49	 3	 12	1	1128954	1131062	7		0
32	24	 2	 12	1	1150817	1152418	7		0
32	15	 1	 11	1	1164406	1165858	6		0
32	55	 1	 11	1	1173724	1175130	6		0
32	18	 4	 11	1	1201435	1203843	6		0
32	69	 3	 12	1	1214746	1216118	7		0
32	27	 1	 11	1	1222495	1224386	6		0
32	29	 3	 11	1	1231820	1235290	6		0
32	35	 1	 12	1	1256572	1258682	7		0
32	88	 2	 11	1	1263948	1266022	6		0
32	11	 1	 11	1	1281420	1285878	6		0
32	95	 1	 12	1	1298137	1302630	7		0
32	54	 4	 12	1	1312413	1314531	7		0
32	38	 4	 12	1	1322328	1324802	7		0
32	48	 2	 11	1	1338635	1340387	6		0
32	42	 4	 12	1	1355950	1357858	7		0
32	21	 3	 11	1	1372379	1373458	6		0
32	78	 4	 12	1	1379866	1382167	7		0
32	59	 1	 11	1	1389581	1392102	6		0
32	22	 4	 11	1	1399279	1401334	6		0
32	51	 1	 11	1	1418110	1419649	6		0
32	72	 2	 11	1	1433946	1436147	6		0
32	56	 2	 11	1	1462930	1464998	6		0
32	25	 3	 12	1	1479723	1481571	7		0
32	36	 2	 11	1	1493452	1495026	7		0
32	53	 3	 12	1	1527834	1530542	7		0
33	1	 1	 1	1	8147747	8151011	7		0
33	2	 1	 1	1	8166289	8169730	7		0
33	3	 1	 1	1	8184340	8188584	6		0
33	4	 1	 1	1	8201893	8204442	6		0
33	5	 1	 1	1	8218005	8221688	7		0
33	6	 4	 11	1	8413360	8415508	6		0
33	9	 3	 12	1	8442599	8444715	6		0
33	11	 1	 11	1	8464021	8466095	6		0
33	12	 2	 12	1	8474773	8476984	7		0
33	15	 1	 11	1	8506387	8507946	6		0
33	18	 4	 11	1	8539076	8540955	6		0
33	19	 1	 12	1	8554852	8556586	7		0
33	21	 3	 11	1	8573156	8574521	6		0
33	22	 4	 11	1	8582544	8584275	6		0
33	23	 1	 12	1	8595588	8597079	7		0
33	24	 2	 12	1	8606533	8608618	7		0
33	25	 3	 12	1	8617013	8618776	7		0
33	27	 1	 11	1	8637395	8639735	6		0
33	29	 3	 11	1	8657618	8660227	6		0
33	32	 2	 12	1	8689009	8690442	7		0
33	35	 1	 12	1	8726405	8728480	7		0
33	36	 2	 11	1	8746099	8747760	7		0
33	38	 4	 12	1	8767764	8770171	7		0
33	40	 2	 12	1	8788371	8790011	7		0
33	42	 4	 12	1	8808463	8809676	7		0
33	43	 1	 12	1	8821923	8824052	7		0
33	45	 3	 12	1	8843988	8846359	7		0
33	47	 1	 11	1	8868307	8870612	6		0
33	48	 2	 11	1	8879746	8884884	6		0
33	49	 3	 12	1	8896036	8897482	7		0
33	50	 4	 12	1	8908983	8910588	7		0
33	51	 1	 11	1	8919925	8921688	6		0
33	52	 2	 11	1	8933893	8935707	6		0
33	53	 3	 12	1	8944646	8946265	7		0
33	54	 4	 12	1	8961717	8964667	7		0
33	55	 1	 11	1	8976629	8981354	6		0
33	56	 2	 11	1	8996655	8999729	7		0
33	57	 3	 12	1	9009044	9011001	7		0
33	58	 4	 11	1	9020947	9022996	6		0
33	59	 1	 11	1	9034741	9038826	6		0
33	62	 4	 11	1	9070675	9086124	6		0
33	64	 2	 12	1	9100739	9103781	7		0
33	65	 3	 12	1	9120388	9123611	7		0
33	69	 3	 12	1	9163574	9165657	7		0
33	71	 1	 12	1	9187461	9189100	7		0
33	72	 2	 11	1	9199554	9202461	7		0
33	76	 2	 12	1	9238294	9239947	7		0
33	78	 4	 12	1	9264066	9266085	7		0
33	88	 2	 11	1	9361478	9363273	6		0
33	91	 1	 11	1	9397172	9400924	6		0
33	92	 2	 12	1	9410262	9411771	7		0
33	94	 4	 12	1	9431542	9433805	7		0
33	95	 1	 12	1	9446089	9449398	7		0
33	97	 3	 12	1	9469207	9470529	7		0
33	98	 4	 12	1	9482706	9483868	7		0
34	1	 1	 1	1	479939	486280	7		0
34	5	 1	 1	1	520308	523322	7		0
34	3	 1	 1	1	537108	539673	6		0
34	57	 4	 12	1	804543	809314	7		0
34	32	 3	 12	1	895219	897146	7		0
34	52	 3	 11	1	904479	906554	6		0
34	72	 3	 11	1	920979	923288	7		0
34	91	 2	 11	1	1020240	1023361	6		0
34	18	 1	 11	1	1040159	1042505	6		0
34	50	 1	 12	1	1068245	1070169	7		0
34	54	 1	 12	1	1079119	1082713	7		0
34	27	 2	 11	1	1102207	1107298	6		0
34	59	 2	 11	1	1132947	1135398	6		0
34	6	 1	 11	1	1142655	1145249	6		0
34	65	 4	 12	1	1168703	1171173	7		0
34	19	 2	 12	1	1178850	1182088	7		0
34	71	 2	 12	1	1192341	1193739	7		0
34	24	 3	 12	1	1349923	1352550	7		0
34	76	 3	 12	1	1367970	1370565	7		0
34	36	 3	 11	1	1402447	1404962	7		0
34	98	 1	 12	1	1413159	1414745	7		0
34	40	 3	 12	1	1437818	1441550	7		0
34	15	 2	 11	1	1449761	1453194	6		0
34	11	 2	 11	1	1478531	1480729	6		0
34	47	 2	 11	1	1501237	1503065	6		0
34	58	 1	 11	1	1523553	1525946	6		0
34	69	 4	 12	1	1661954	1664015	7		0
34	97	 4	 12	1	1680050	1681411	7		0
34	23	 2	 12	1	1699184	1701482	7		0
34	43	 2	 12	1	1713094	1716567	7		0
34	94	 1	 12	1	1807458	1813140	7		0
34	29	 4	 11	1	1978498	1993124	6		0
34	95	 2	 12	1	2023265	2027968	7		0
34	25	 4	 12	1	2037863	2040732	7		0
34	9	 4	 12	1	2076898	2079328	6		0
34	62	 1	 11	1	2097617	2111584	7		0
34	35	 2	 12	1	2120053	2121983	7		0
34	22	 1	 11	1	2129425	2131711	6		0
34	88	 3	 11	1	2139668	2142666	6		0
34	12	 3	 12	1	2156370	2158256	7		0
34	53	 4	 12	1	2180354	2186523	7		0
34	38	 1	 12	1	2194547	2196980	7		0
34	55	 2	 11	1	2205397	2207737	6		0
34	42	 1	 12	1	2227655	2229592	7		0
34	64	 3	 12	1	2236082	2239444	7		0
34	56	 3	 11	1	2252451	2255818	6		0
34	49	 4	 12	1	2293378	2294884	7		0
34	21	 4	 11	1	2326382	2329984	6		0
34	51	 2	 11	1	2338740	2340264	6		0
34	78	 1	 12	1	2358183	2359993	7		0
34	45	 4	 12	1	2370801	2373036	7		0
35	3	 1	 1	1	1734373	1742367	6		0
35	2	 1	 1	1	1807480	1813531	7		0
35	4	 1	 1	1	1860576	1867571	6		0
35	1	 1	 1	1	1949848	1955084	7		0
35	5	 1	 1	1	2214111	2220497	7		0
35	9	 1	 12	1	2241936	2246805	6		0
35	58	 2	 11	1	2258727	2265849	7		0
35	48	 4	 11	1	2353223	2362458	7		0
35	36	 4	 11	1	2426598	2431471	7		0
35	54	 2	 12	1	2466359	2470792	7		0
35	38	 2	 12	1	2534071	2538573	7		0
35	50	 2	 12	1	2590910	2594881	7		0
35	6	 2	 11	1	2609752	2620745	7		0
35	69	 1	 12	1	2679906	2685688	7		0
35	92	 4	 12	1	2708968	2712590	7		0
35	88	 4	 11	1	2752202	2759709	6		0
35	27	 3	 11	1	2904422	2908735	6		0
35	72	 4	 11	1	2928166	2933822	7		0
35	76	 4	 12	1	2966906	2970210	7		0
35	78	 2	 12	1	3012920	3020127	7		0
35	49	 1	 12	1	3118249	3120046	7		0
35	12	 4	 12	1	3138946	3143039	7		0
35	59	 3	 11	1	3173094	3200030	7		0
35	32	 4	 12	1	3294280	3297119	7		0
35	94	 2	 12	1	3308229	3319659	7		0
35	40	 4	 12	1	3350666	3353856	7		0
35	25	 1	 12	1	3404114	3406531	7		0
35	24	 4	 12	1	3420726	3422624	7		0
35	29	 1	 11	1	3461238	3468384	6		0
35	56	 4	 11	1	3520012	3546275	6		0
35	71	 3	 12	1	3561254	3564044	7		0
35	52	 4	 11	1	3604888	3614465	6		0
35	23	 3	 12	1	3642154	3643864	7		0
35	22	 2	 11	1	3652392	3658384	6		0
35	97	 1	 12	1	4812575	4816088	7		0
35	45	 1	 12	1	4831630	4836309	7		0
35	11	 3	 11	1	4885007	4893137	6		0
35	53	 1	 12	1	4907680	4909638	7		0
35	95	 3	 12	1	4955182	4958853	7		0
35	15	 3	 11	1	4975505	4978549	6		0
35	35	 3	 12	1	4995725	4999521	7		0
35	18	 2	 11	1	5025867	5030725	7		0
35	57	 1	 12	1	5042065	5045504	7		0
35	62	 2	 11	1	5106333	5147414	6		0
35	19	 3	 12	1	5193853	5197014	7		0
35	43	 3	 12	1	5271399	5278871	7		0
35	47	 3	 11	1	5311455	5314199	7		0
35	42	 2	 12	1	5449373	5452200	7		0
35	91	 3	 11	1	5476189	5488791	6		0
35	51	 3	 11	1	5512016	5517288	6		0
35	98	 2	 12	1	5541182	5542983	7		0
35	65	 1	 12	1	5572128	5578914	7		0
35	64	 4	 12	1	5596318	5600019	7		0
35	21	 1	 11	1	5662338	5669036	6		0
35	55	 3	 11	1	5705842	5711784	6		0
36	4	 1	 1	1	673176	680180	6		0
36	3	 1	 1	1	712231	717839	6		0
36	5	 1	 1	1	731704	734604	7		0
36	2	 1	 1	1	747847	750882	7		0
36	1	 1	 1	1	809433	814319	7		0
36	42	 1	 12	1	1158153	1161394	7		0
36	76	 3	 12	1	1179625	1184018	7		0
36	72	 3	 11	1	1194745	1198546	6		0
36	25	 4	 12	1	1215990	1225443	7		0
36	12	 3	 12	1	1235371	1238513	7		0
36	35	 2	 12	1	1246843	1251952	7		0
36	94	 1	 12	1	1261895	1268860	7		0
36	23	 2	 12	1	1278408	1280843	7		0
36	24	 3	 12	1	1311465	1314143	7		0
36	53	 4	 12	1	1326731	1332434	7		0
36	50	 1	 12	1	1342937	1346499	7		0
36	29	 4	 11	1	1355257	1358996	6		0
36	65	 4	 12	1	1457354	1462144	6		0
36	56	 3	 11	1	1514401	1521476	7		0
36	45	 4	 12	1	1543060	1557545	7		0
36	51	 2	 11	1	1591264	1593316	6		0
36	21	 4	 11	1	1602680	1605516	6		0
36	71	 2	 12	1	1634075	1637602	7		0
36	15	 2	 11	1	1644825	1647623	6		0
36	78	 1	 12	1	1656619	1659419	7		0
36	32	 3	 12	1	1677052	1679970	7		0
36	95	 2	 12	1	1811700	1815165	7		0
36	69	 4	 12	1	1831154	1834519	7		0
36	92	 3	 12	1	1851133	1853070	7		0
36	18	 1	 11	1	1860684	1863262	6		0
36	48	 3	 11	1	1872416	1874482	6		0
36	52	 3	 11	1	1890346	1894466	6		0
36	27	 2	 11	1	1907486	1909655	6		0
36	88	 3	 11	1	1919277	1923006	6		0
36	38	 1	 12	1	1929048	1931958	7		0
36	54	 1	 12	1	1940907	1944709	6		0
36	40	 3	 12	1	1953803	1956335	7		0
36	64	 3	 12	1	1982922	1985668	7		0
36	62	 1	 11	1	2000298	2006542	6		0
36	59	 2	 11	1	2040011	2045798	6		0
36	91	 2	 11	1	2072269	2074132	6		0
36	11	 2	 11	1	2091357	2093899	6		0
36	57	 4	 12	1	2113645	2115891	7		0
36	22	 1	 11	1	2123229	2125351	6		0
36	43	 2	 12	1	2138751	2149668	7		0
36	97	 4	 12	1	2173518	2175858	7		0
36	19	 2	 12	1	2256891	2261301	7		0
36	9	 4	 12	1	2267910	2269447	6		0
36	6	 1	 11	1	2289968	2295157	6		0
36	36	 3	 11	1	2336542	2339523	7		0
36	47	 2	 11	1	2546576	2548405	6		0
36	58	 1	 11	1	2577182	2578966	6		0
36	98	 1	 12	1	2598767	2600969	7		0
36	49	 4	 12	1	2609147	2611494	7		0
36	55	 2	 11	1	2662016	2663957	6		0
37	4	 1	 1	1	1147539	1155525	6		0
37	1	 1	 1	1	1184553	1188701	7		0
37	5	 1	 1	1	1319995	1324141	7		0
37	2	 1	 1	1	1355448	1368542	7		0
37	3	 1	 1	1	1389393	1400470	6		0
37	9	 1	 12	1	1645961	1653379	7		0
37	65	 1	 12	1	1683641	1687667	7		0
37	6	 2	 11	1	1704336	1713283	6		0
37	51	 3	 11	1	1754843	1757742	6		0
37	24	 4	 12	1	1771865	1780834	7		0
37	64	 4	 12	1	1791495	1800635	7		0
37	55	 3	 11	1	1837981	1844178	6		0
37	18	 2	 11	1	1872891	1892291	6		0
37	12	 4	 12	1	1905714	1909859	7		0
37	25	 1	 12	1	1938235	1944886	7		0
37	19	 3	 12	1	2031504	2035842	7		0
37	53	 1	 12	1	2092253	2099148	7		0
37	49	 1	 12	1	2118201	2121303	7		0
37	72	 4	 11	1	2145817	2154939	6		0
37	11	 3	 11	1	2223951	2234547	6		0
37	47	 3	 11	1	2260360	2274151	6		0
37	94	 2	 12	1	2406125	2417520	7		0
37	43	 3	 12	1	2438316	2444432	7		0
37	52	 4	 11	1	2490928	2496852	6		0
37	54	 2	 12	1	2607490	2612013	7		0
37	57	 1	 12	1	2767821	2774350	7		0
37	36	 4	 11	1	2811649	2819334	7		0
37	40	 4	 12	1	2941280	2951010	7		0
37	97	 1	 12	1	2970817	2974475	7		0
37	42	 2	 12	1	3026921	3030719	7		0
37	56	 4	 11	1	3066126	3080215	7		0
37	22	 2	 11	1	3124611	3130763	6		0
37	35	 3	 12	1	3152428	3162537	7		0
37	27	 3	 11	1	3173953	3182363	6		0
37	71	 3	 12	1	3328912	3333160	7		0
37	23	 3	 12	1	3384958	3388995	7		0
37	32	 4	 12	1	3426354	3430405	7		0
37	58	 2	 11	1	3458782	3462951	6		0
37	91	 3	 11	1	3544959	3553897	6		0
37	21	 1	 11	1	3587247	3591384	6		0
37	59	 3	 11	1	3608744	3615453	6		0
37	95	 3	 12	1	3645695	3657688	6		0
37	98	 2	 12	1	3682622	3686080	7		0
37	69	 1	 12	1	3844447	3849849	7		0
37	62	 2	 11	1	3897373	3906273	6		0
37	15	 3	 11	1	3927198	3939272	6		0
37	76	 4	 12	1	3969967	3977576	7		0
37	29	 1	 11	1	3988547	3997925	6		0
37	48	 4	 11	1	4018336	4023241	6		0
37	92	 4	 12	1	4046740	4050649	7		0
37	45	 1	 12	1	4068403	4078797	7		0
37	38	 2	 12	1	4094995	4098798	7		0
37	88	 4	 11	1	4224432	4227706	6		0
37	78	 2	 12	1	4280552	4285631	7		0
37	50	 2	 12	1	4307395	4311082	7		0
38	2	 1	 1	1	538493	543426	7		0
38	5	 1	 1	1	583168	586097	7		0
38	4	 1	 1	1	593537	595751	6		0
38	1	 1	 1	1	603555	606502	7		0
38	3	 1	 1	1	619072	621190	6		0
38	56	 1	 11	1	761923	765590	6		0
38	57	 2	 12	1	771915	775546	7		0
38	19	 4	 12	1	786045	790514	7		0
38	21	 2	 11	1	805682	808311	6		0
38	42	 3	 12	1	824940	827634	7		0
38	50	 3	 12	1	847694	850205	7		0
38	91	 4	 11	1	862910	865075	6		0
38	22	 3	 11	1	887779	890758	6		0
38	15	 4	 11	1	905688	909434	6		0
38	94	 3	 12	1	931413	934537	7		0
38	53	 2	 12	1	941122	944854	7		0
38	48	 1	 11	1	951873	953991	6		0
38	71	 4	 12	1	970258	972013	7		0
38	45	 2	 12	1	996755	1000118	7		0
38	58	 3	 11	1	1008189	1010327	6		0
38	32	 1	 12	1	1017955	1019495	7		0
38	27	 4	 11	1	1028161	1030487	6		0
38	23	 4	 12	1	1084542	1086511	7		0
38	97	 2	 12	1	1101728	1104071	7		0
38	6	 3	 11	1	1124721	1127799	6		0
38	62	 3	 11	1	1164413	1166922	6		0
38	78	 3	 12	1	1210592	1212754	7		0
38	38	 3	 12	1	1221328	1224844	7		0
38	43	 4	 12	1	1233526	1236138	7		0
38	92	 1	 12	1	1242410	1244247	7		0
38	64	 1	 12	1	1250461	1254615	6		0
38	55	 4	 11	1	1296803	1300087	6		0
38	25	 2	 12	1	1310395	1314010	7		0
38	9	 2	 12	1	1320833	1327498	7		0
38	11	 4	 11	1	1336815	1338938	6		0
38	36	 1	 11	1	1378271	1381647	7		0
38	51	 4	 11	1	1409216	1412592	6		0
38	47	 4	 11	1	1420032	1422840	6		0
38	69	 2	 12	1	1448160	1452227	7		0
38	12	 1	 12	1	1562802	1567671	7		0
38	65	 2	 12	1	1578526	1582544	7		0
38	52	 1	 11	1	1592883	1596121	6		0
38	95	 4	 12	1	1606705	1609603	7		0
38	24	 1	 12	1	1624241	1626744	7		0
38	35	 4	 12	1	1635763	1639352	7		0
38	54	 3	 12	1	1649234	1656084	7		0
38	88	 1	 11	1	1677764	1679977	6		0
38	76	 1	 12	1	1689776	1692664	7		0
38	59	 4	 11	1	1720718	1724500	6		0
38	29	 2	 11	1	1730497	1733945	6		0
38	98	 3	 12	1	1752303	1755880	7		0
38	18	 3	 11	1	1778836	1781719	6		0
38	49	 2	 12	1	1791121	1793224	7		0
38	40	 1	 12	1	1826877	1831320	7		0
38	72	 1	 11	1	1844868	1847481	6		0
39	4	 1	 1	1	979702	981852	6		0
39	5	 1	 1	1	1017992	1019698	7		0
39	2	 1	 1	1	1041091	1042940	7		0
39	1	 1	 1	1	1068482	1070617	7		0
39	3	 1	 1	1	1087872	1090056	6		0
39	43	 1	 12	1	1178207	1180208	7		0
39	38	 4	 12	1	1218836	1221817	7		0
39	65	 3	 12	1	1237169	1242796	7		0
39	54	 4	 12	1	1257895	1260489	7		0
39	42	 4	 12	1	1273540	1276193	7		0
39	88	 2	 11	1	1288796	1290328	6		0
39	52	 2	 11	1	1298129	1299913	6		0
39	59	 1	 11	1	1315792	1325513	6		0
39	78	 4	 12	1	1335985	1337308	7		0
39	57	 3	 12	1	1352516	1354185	7		0
39	11	 1	 11	1	1391045	1393324	7		0
39	55	 1	 11	1	1403328	1405432	6		0
39	76	 2	 12	1	1441169	1442905	7		0
39	35	 1	 12	1	1451230	1452920	7		0
39	72	 2	 11	1	1464049	1466953	6		0
39	18	 4	 11	1	1478149	1483198	7		0
39	9	 3	 12	1	1651301	1653908	7		0
39	53	 3	 12	1	1664115	1667133	7		0
39	19	 1	 12	1	1688600	1691549	7		0
39	62	 4	 11	1	1741077	1746666	6		0
39	71	 1	 12	1	1753876	1755094	7		0
39	25	 3	 12	1	1801414	1803804	7		0
39	15	 1	 11	1	1862500	1864571	6		0
39	32	 2	 12	1	1881636	1882858	7		0
39	49	 3	 12	1	1896643	1898219	7		0
39	23	 1	 12	1	1908243	1911238	7		0
39	69	 3	 12	1	1933457	1935002	7		0
39	58	 4	 11	1	1956467	1961499	6		0
39	48	 2	 11	1	1968864	1970283	6		0
39	36	 2	 11	1	1983458	1985432	7		0
39	92	 2	 12	1	1999189	2000698	7		0
39	50	 4	 12	1	2009990	2012090	7		0
39	91	 1	 11	1	2027900	2030287	6		0
39	47	 1	 11	1	2060836	2062283	6		0
39	51	 1	 11	1	2084342	2087392	6		0
39	97	 3	 12	1	2098507	2099646	7		0
39	56	 2	 11	1	2132133	2137825	7		0
39	27	 1	 11	1	2146724	2148871	6		0
39	6	 4	 11	1	2165186	2167846	7		0
39	40	 2	 12	1	2175651	2178007	7		0
39	94	 4	 12	1	2211108	2217415	7		0
39	98	 4	 12	1	2229571	2230711	7		0
39	64	 2	 12	1	2250323	2252460	7		0
39	22	 4	 11	1	2328181	2331593	6		0
39	95	 1	 12	1	2349190	2351688	7		0
39	21	 3	 11	1	2358947	2360427	6		0
39	12	 2	 12	1	2366437	2368188	7		0
39	29	 3	 11	1	2378340	2383196	6		0
39	24	 2	 12	1	2393480	2395980	7		0
39	45	 3	 12	1	2414069	2418684	7		0
40	2	 1	 1	1	3366696	3369335	7		0
40	3	 1	 1	1	3385208	3389120	6		0
40	4	 1	 1	1	3402191	3404436	6		0
40	5	 1	 1	1	3434583	3438288	7		0
40	1	 1	 1	1	3446118	3448516	7		0
40	15	 2	 11	1	3545863	3547564	6		0
40	50	 1	 12	1	3554826	3557672	7		0
40	51	 2	 11	1	3664904	3667405	6		0
40	69	 4	 12	1	3693159	3695544	7		0
40	55	 2	 11	1	3713047	3715249	6		0
40	6	 1	 11	1	3729548	3731536	6		0
40	53	 4	 12	1	3751931	3755037	6		0
40	47	 2	 11	1	3770040	3774141	6		0
40	25	 4	 12	1	3799390	3801841	7		0
40	72	 3	 11	1	3811002	3815170	6		0
40	94	 1	 12	1	3824710	3828372	7		0
40	38	 1	 12	1	3911400	3914001	7		0
40	57	 4	 12	1	3933575	3936370	7		0
40	35	 2	 12	1	3959816	3966613	6		0
40	97	 4	 12	1	3988361	3991241	7		0
40	49	 4	 12	1	3999898	4001826	7		0
40	11	 2	 11	1	4008811	4014914	7		0
40	58	 1	 11	1	4037577	4041637	6		0
40	62	 1	 11	1	4236537	4241925	6		0
40	45	 4	 12	1	4250586	4254983	7		0
40	48	 3	 11	1	4268750	4276321	6		0
40	24	 3	 12	1	4291482	4293421	7		0
40	92	 3	 12	1	4303387	4309428	7		0
40	52	 3	 11	1	4351644	4353882	6		0
40	76	 3	 12	1	4395243	4398275	7		0
40	91	 2	 11	1	4507366	4512887	6		0
40	64	 3	 12	1	4523681	4527459	7		0
40	9	 4	 12	1	4538762	4542804	7		0
40	21	 4	 11	1	4550657	4553940	6		0
40	88	 3	 11	1	4562091	4566402	6		0
40	78	 1	 12	1	4589178	4591092	7		0
40	23	 2	 12	1	4598285	4600528	7		0
40	18	 1	 11	1	4619692	4629239	6		0
40	36	 3	 11	1	4701661	4712640	6		0
40	43	 2	 12	1	4732012	4735632	7		0
40	71	 2	 12	1	4755149	4757344	7		0
40	95	 2	 12	1	4778763	4781663	7		0
40	42	 1	 12	1	4804538	4806548	7		0
40	27	 2	 11	1	4844939	4847320	6		0
40	54	 1	 12	1	4860347	4862352	7		0
40	98	 1	 12	1	4870525	4876304	7		0
40	19	 2	 12	1	4885483	4889037	7		0
40	65	 4	 12	1	4906669	4910833	7		0
40	29	 4	 11	1	4918618	4922054	6		0
40	22	 1	 11	1	4957500	4960181	6		0
40	56	 3	 11	1	4989245	4993081	6		0
40	12	 3	 12	1	4999549	5001046	6		0
40	40	 3	 12	1	5084879	5090081	7		0
40	32	 3	 12	1	5105422	5106865	7		0
40	59	 2	 11	1	5122013	5125681	6		0
41	1	 1	 1	1	6559921	6565595	7		0
41	4	 1	 1	1	6619041	6621827	6		0
41	3	 1	 1	1	6631604	6633830	6		0
41	2	 1	 1	1	6666146	6668651	7		0
41	5	 1	 1	1	6680535	6683658	7		0
41	62	 2	 11	1	6782178	6788315	6		0
41	57	 1	 12	1	6806916	6808815	7		0
41	43	 3	 12	1	6817540	6819643	7		0
41	54	 2	 12	1	6828343	6830631	7		0
41	97	 1	 12	1	6866741	6868737	7		0
41	72	 4	 11	1	6899156	6901532	6		0
41	25	 1	 12	1	6910374	6915468	7		0
41	42	 2	 12	1	6939073	6941339	7		0
41	11	 3	 11	1	6958053	6960731	7		0
41	92	 4	 12	1	6992519	6994748	7		0
41	64	 4	 12	1	7004279	7006668	7		0
41	15	 3	 11	1	7032771	7034584	6		0
41	71	 3	 12	1	7043326	7045169	7		0
41	52	 4	 11	1	7066022	7067975	6		0
41	48	 4	 11	1	7075442	7077607	6		0
41	78	 2	 12	1	7085604	7087615	7		0
41	58	 2	 11	1	7098467	7100487	6		0
41	53	 1	 12	1	7114629	7116887	7		0
41	91	 3	 11	1	7125700	7127340	6		0
41	23	 3	 12	1	7140773	7142268	7		0
41	95	 3	 12	1	7168087	7170187	7		0
41	56	 4	 11	1	7181955	7186159	7		0
41	65	 1	 12	1	7216628	7219405	7		0
41	47	 3	 11	1	7242886	7245260	6		0
41	59	 3	 11	1	7326596	7329036	6		0
41	88	 4	 11	1	7349416	7350957	6		0
41	36	 4	 11	1	7366581	7369101	7		0
41	55	 3	 11	1	7382372	7384873	6		0
41	50	 2	 12	1	7391370	7392925	7		0
41	38	 2	 12	1	7435932	7439392	7		0
41	27	 3	 11	1	7488022	7490078	6		0
41	12	 4	 12	1	7497174	7498477	7		0
41	35	 3	 12	1	7506340	7508193	7		0
41	94	 2	 12	1	7521944	7524925	7		0
41	9	 1	 12	1	7537908	7540510	7		0
41	98	 2	 12	1	7550404	7551806	7		0
41	45	 1	 12	1	7633087	7635162	7		0
41	49	 1	 12	1	7641543	7643038	7		0
41	40	 4	 12	1	7657381	7659613	7		0
41	51	 3	 11	1	7668819	7670254	6		0
41	21	 1	 11	1	7675913	7677311	6		0
41	29	 1	 11	1	7709606	7711801	6		0
41	32	 4	 12	1	7728841	7730109	7		0
41	18	 2	 11	1	7738459	7740129	6		0
41	6	 2	 11	1	7760501	7762249	6		0
41	19	 3	 12	1	7771832	7773410	7		0
41	69	 1	 12	1	7801128	7803129	7		0
41	76	 4	 12	1	7822754	7824565	7		0
41	22	 2	 11	1	7831540	7833662	6		0
41	24	 4	 12	1	7841097	7843598	7		0
